"codigo_rnt","estado_rnt","razon_social_establecimiento","departamento","cod_dpto","municipio","cod_mun","nit","categoria","sub_categoria","habitaciones","camas","num_emp1","ano"
"11","ACTIVO","BCD TRAVEL OFICINA PRINCIPAL","BOGOTA","11","BOGOTA D.C.","11001","800078692","AGENCIAS DE VIAJES","AGENCIAS DE VIAJES Y DE TURISMO","0","0","367","2019"
"20","ACTIVO","LUBEL.COM","BOGOTA","11","BOGOTA D.C.","11001","860501706","OFICINAS DE REPRESENTACION TURÍSTICA","OFICINA DE REPRESENTACIÓN TURÍSTICA","0","0","3","2019"
"43","ACTIVO","HOTEL LOS BALCONES","CAUCA","19","POPAYAN","19001","891501824","ESTABLECIMIENTOS DE ALOJAMIENTO TURÍSTICO","HOTEL","8","16","4","2019"
"55","ACTIVO","AGRUPACION DE REPRESENTACIONES COMERCIALES","BOGOTA","11","BOGOTA D.C.","11001","860352462","OFICINAS DE REPRESENTACION TURÍSTICA","OFICINA DE REPRESENTACIÓN TURÍSTICA","0","0","8","2019"
"56","ACTIVO","REVEL REPRESENTACIONES TURISTICAS","BOGOTA","11","BOGOTA D.C.","11001","860527703","OFICINAS DE REPRESENTACION TURÍSTICA","OFICINA DE REPRESENTACIÓN TURÍSTICA","0","0","6","2019"
"61","ACTIVO","AVIATUR CARTAGENA","BOLIVAR","13","CARTAGENA","13001","860000018","AGENCIAS DE VIAJES","AGENCIAS DE VIAJES Y DE TURISMO","0","0","38","2019"
"68","ACTIVO","AVIATUR CALI LA FLORA","VALLE DEL CAUCA","76","CALI","76001","860000018","AGENCIAS DE VIAJES","AGENCIAS DE VIAJES Y DE TURISMO","0","0","57","2019"
"72","ACTIVO","AVIATUR CIUDAD JARDIN","VALLE DEL CAUCA","76","CALI","76001","860000018","AGENCIAS DE VIAJES","AGENCIAS DE VIAJES Y DE TURISMO","0","0","2","2019"
"73","ACTIVO","AVIATUR AVENIDA COLOMBIA","VALLE DEL CAUCA","76","CALI","76001","860000018","AGENCIAS DE VIAJES","AGENCIAS DE VIAJES Y DE TURISMO","0","0","3","2019"
"79","ACTIVO","AVIATUR BARRANQUILLA","ATLANTICO","8","BARRANQUILLA","8001","860000018","AGENCIAS DE VIAJES","AGENCIAS DE VIAJES Y DE TURISMO","0","0","22","2019"
"86","ACTIVO","AVIATUR MEDELLIN","ANTIOQUIA","5","MEDELLIN","5001","860000018","AGENCIAS DE VIAJES","AGENCIAS DE VIAJES Y DE TURISMO","0","0","95","2019"
"87","ACTIVO","INVERSIONES AEREAS INVERSA S.A.S","RISARALDA","66","PEREIRA","66001","860034917","AGENCIAS DE VIAJES","AGENCIAS DE VIAJES Y DE TURISMO","0","0","10","2019"
"88","ACTIVO","AVIATUR AEROPARQUE OLAYA HERRERA","ANTIOQUIA","5","MEDELLIN","5001","860000018","AGENCIAS DE VIAJES","AGENCIAS DE VIAJES Y DE TURISMO","0","0","3","2019"
"89","ACTIVO","AVIATUR VILLANUEVA","ANTIOQUIA","5","MEDELLIN","5001","860000018","AGENCIAS DE VIAJES","AGENCIAS DE VIAJES Y DE TURISMO","0","0","1","2019"
"90","ACTIVO","AVIATUR MILLA DE ORO","ANTIOQUIA","5","MEDELLIN","5001","860000018","AGENCIAS DE VIAJES","AGENCIAS DE VIAJES Y DE TURISMO","0","0","4","2019"
"106","ACTIVO","HOTEL CABO DE LA VELA","ANTIOQUIA","5","MEDELLIN","5001","811007612","ESTABLECIMIENTOS DE ALOJAMIENTO TURÍSTICO","HOTEL","34","53","16","2019"
"109","ACTIVO","VAJAMAR HOTEL","CESAR","20","VALLEDUPAR","20001","892300879","ESTABLECIMIENTOS DE ALOJAMIENTO TURÍSTICO","HOTEL","60","68","40","2019"
"110","ACTIVO","PANAMERICANA DE VIAJES SAS PRINCIPAL","BOGOTA","11","BOGOTA D.C.","11001","860402288","AGENCIAS DE VIAJES","AGENCIAS DE VIAJES Y DE TURISMO","0","0","182","2019"
"115","ACTIVO","R F G REPRESENTACIONES","BOGOTA","11","BOGOTA D.C.","11001","860091033","OFICINAS DE REPRESENTACION TURÍSTICA","OFICINA DE REPRESENTACIÓN TURÍSTICA","0","0","13","2019"
"123","ACTIVO","HOTEL PUERTA DEL SOL S.A.","ATLANTICO","8","BARRANQUILLA","8001","800157788","ESTABLECIMIENTOS DE ALOJAMIENTO TURÍSTICO","HOTEL","109","170","50","2019"
"155","ACTIVO","VIAJES AEREOS ARMENIA LTDA","QUINDIO","63","ARMENIA","63001","890000513","AGENCIAS DE VIAJES","AGENCIAS DE VIAJES Y DE TURISMO","0","0","2","2019"
"160","ACTIVO","INVERSIONES CUJAR TURISMO LTDA","BOGOTA","11","BOGOTA D.C.","11001","860402571","AGENCIAS DE VIAJES","AGENCIAS DE VIAJES Y DE TURISMO","0","0","16","2019"
"161","ACTIVO","TURISMO AL VUELO","BOGOTA","11","BOGOTA D.C.","11001","860513826","AGENCIAS DE VIAJES","AGENCIAS DE VIAJES Y DE TURISMO","0","0","14","2019"
"167","ACTIVO","CALYPSO TOURS L""ALIANXA S.A.S.","ATLANTICO","8","BARRANQUILLA","8001","890112675","AGENCIAS DE VIAJES","AGENCIAS DE VIAJES Y DE TURISMO","0","0","8","2019"
"181","ACTIVO","HOTEL SORATAMA","RISARALDA","66","PEREIRA","66001","800156522","ESTABLECIMIENTOS DE ALOJAMIENTO TURÍSTICO","HOTEL","77","103","53","2019"
"185","ACTIVO","ERTUR LTDA. Y/O HOTEL VERDE MAR","SAN ANDRES Y PROVIDENCIA","88","SAN ANDRES","88001","860508374","ESTABLECIMIENTOS DE ALOJAMIENTO TURÍSTICO","HOTEL","44","166","43","2019"
"191","ACTIVO","VIAJES DIMAR","SANTANDER","68","BUCARAMANGA","68001","890270717","AGENCIAS DE VIAJES","AGENCIAS DE VIAJES Y DE TURISMO","0","0","1","2019"
"196","ACTIVO","EXTUR L'ALIANXA","BOGOTA","11","BOGOTA D.C.","11001","860025661","AGENCIAS DE VIAJES","AGENCIAS DE VIAJES Y DE TURISMO","0","0","1","2019"
"209","ACTIVO","DAGER TOURS","BOLIVAR","13","CARTAGENA","13001","800007110","AGENCIAS DE VIAJES","AGENCIAS DE VIAJES OPERADORAS","0","0","1","2019"
"210","ACTIVO","VIAJES CUCUTA","NORTE DE SANTANDER","54","CUCUTA","54001","890500342","AGENCIAS DE VIAJES","AGENCIAS DE VIAJES Y DE TURISMO","0","0","5","2019"
"211","ACTIVO","VIAJES CARAVANA","BOLIVAR","13","CARTAGENA","13001","890402973","AGENCIAS DE VIAJES","AGENCIAS DE VIAJES Y DE TURISMO","0","0","3","2019"
"214","ACTIVO","VIAJES OGANESOFF","BOGOTA","11","BOGOTA D.C.","11001","860001229","AGENCIAS DE VIAJES","AGENCIAS DE VIAJES Y DE TURISMO","0","0","2","2019"
"231","ACTIVO","AGENCIA DE VIAJES Y TURISMO GAVIOTA TOURS - GAVIOTA TOURS","BOGOTA","11","BOGOTA D.C.","11001","860078346","AGENCIAS DE VIAJES","AGENCIAS DE VIAJES Y DE TURISMO","0","0","7","2019"
"253","ACTIVO","HOTEL CASINO INTERNACIONAL","NORTE DE SANTANDER","54","CUCUTA","54001","890502101","ESTABLECIMIENTOS DE ALOJAMIENTO TURÍSTICO","HOTEL","121","167","62","2019"
"254","ACTIVO","HOTEL IROTAMA","MAGDALENA","47","SANTA MARTA","47001","891700612","ESTABLECIMIENTOS DE ALOJAMIENTO TURÍSTICO","HOTEL","98","419","431","2019"
"255","ACTIVO","TURISMO REPRESENTACIONES REPRESENTUR","BOGOTA","11","BOGOTA D.C.","11001","860523402","OFICINAS DE REPRESENTACION TURÍSTICA","OFICINA DE REPRESENTACIÓN TURÍSTICA","0","0","2","2019"
"256","ACTIVO","VIAJEXCURS","BOGOTA","11","BOGOTA D.C.","11001","860040128","AGENCIAS DE VIAJES","AGENCIAS DE VIAJES Y DE TURISMO","0","0","1","2019"
"263","ACTIVO","HOTEL CARTAGENA HILTON.","BOLIVAR","13","CARTAGENA","13001","890401427","ESTABLECIMIENTOS DE ALOJAMIENTO TURÍSTICO","HOTEL","341","548","265","2019"
"283","ACTIVO","HOTEL MAITAMA","QUINDIO","63","ARMENIA","63001","19116195","ESTABLECIMIENTOS DE ALOJAMIENTO TURÍSTICO","HOTEL","42","72","11","2019"
"302","ACTIVO","EXTUR L'ALIANXA SUCURSAL UNICENTRO","BOGOTA","11","BOGOTA D.C.","11001","860025661","AGENCIAS DE VIAJES","AGENCIAS DE VIAJES Y DE TURISMO","0","0","6","2019"
"305","ACTIVO","GEMA TOURS.","BOLIVAR","13","CARTAGENA","13001","890404365","AGENCIAS DE VIAJES","AGENCIAS DE VIAJES MAYORISTAS","0","0","8","2019"
"311","ACTIVO","SPORTUR","MAGDALENA","47","SANTA MARTA","47001","891700612","AGENCIAS DE VIAJES","AGENCIAS DE VIAJES Y DE TURISMO","0","0","9","2019"
"312","ACTIVO","PISTA TOURS","VALLE DEL CAUCA","76","CALI","76001","890327438","AGENCIAS DE VIAJES","AGENCIAS DE VIAJES Y DE TURISMO","0","0","9","2019"
"313","ACTIVO","VIAJES PALGAR LALIANXA S.A.S","RISARALDA","66","PEREIRA","66001","891409969","AGENCIAS DE VIAJES","AGENCIAS DE VIAJES Y DE TURISMO","0","0","8","2019"
"315","ACTIVO","RESTUR","BOGOTA","11","BOGOTA D.C.","11001","860512519","AGENCIAS DE VIAJES","AGENCIAS DE VIAJES Y DE TURISMO","0","0","1","2019"
"317","ACTIVO","AGENCIA DE TURISMO MANIZALES TURISMAN S.A.S","CALDAS","17","MANIZALES","17001","890800006","AGENCIAS DE VIAJES","AGENCIAS DE VIAJES Y DE TURISMO","0","0","1","2019"
"324","ACTIVO","VIAJES VALTUR L ALIANXA","VALLE DEL CAUCA","76","PALMIRA","76520","891300575","AGENCIAS DE VIAJES","AGENCIAS DE VIAJES Y DE TURISMO","0","0","1","2019"
"327","ACTIVO","VIAJES COLOMBIANOS LTDA. ""VIESCO""","BOLIVAR","13","CARTAGENA","13001","890400516","AGENCIAS DE VIAJES","AGENCIAS DE VIAJES Y DE TURISMO","0","0","6","2019"
"337","ACTIVO","SOL Y MAR","BOGOTA","11","BOGOTA D.C.","11001","860078100","AGENCIAS DE VIAJES","AGENCIAS DE VIAJES Y DE TURISMO","0","0","3","2019"
"338","ACTIVO","BLU HOTEL BY TAMACA","MAGDALENA","47","SANTA MARTA","47001","891701294","ESTABLECIMIENTOS DE ALOJAMIENTO TURÍSTICO","HOTEL","60","116","50","2019"
"343","ACTIVO","GAMMA MERCADEO S.A.S.","BOGOTA","11","BOGOTA D.C.","11001","800149448","AGENCIAS DE VIAJES","AGENCIAS DE VIAJES MAYORISTAS","0","0","7","2019"
"347","ACTIVO","ECOGUIAS TURISMO","BOGOTA","11","BOGOTA D.C.","11001","900144984","AGENCIAS DE VIAJES","AGENCIAS DE VIAJES OPERADORAS","0","0","1","2019"
"350","ACTIVO","METRO REPRESENTACIONES","BOGOTA","11","BOGOTA D.C.","11001","860506642","OFICINAS DE REPRESENTACION TURÍSTICA","OFICINA DE REPRESENTACIÓN TURÍSTICA","0","0","2","2019"
"362","ACTIVO","AGENCIA DE VIAJES Y TURISMO DOLAR TOUR","NARIÑO","52","PASTO","52001","891224141","AGENCIAS DE VIAJES","AGENCIAS DE VIAJES Y DE TURISMO","0","0","1","2019"
"383","ACTIVO","IDEALTOUR LTDA","BOGOTA","11","BOGOTA D.C.","11001","800158568","AGENCIAS DE VIAJES","AGENCIAS DE VIAJES Y DE TURISMO","0","0","23","2019"
"385","ACTIVO","HOTEL ZULDEMAYDA","QUINDIO","63","ARMENIA","63001","800096796","ESTABLECIMIENTOS DE ALOJAMIENTO TURÍSTICO","HOTEL","27","46","7","2019"
"387","ACTIVO","GRAN HOTEL","RISARALDA","66","PEREIRA","66001","891411791","ESTABLECIMIENTOS DE ALOJAMIENTO TURÍSTICO","HOTEL","78","200","34","2019"
"390","ACTIVO","HOTEL EL EDEN","BOYACA","15","VILLA DE LEYVA","15407","800120468","ESTABLECIMIENTOS DE ALOJAMIENTO TURÍSTICO","HOTEL","28","60","1","2019"
"391","ACTIVO","CIRCULO DE VIAJES UNIVERSAL S.A.","MAGDALENA","47","SANTA MARTA","47001","860029002","EMPRESAS CAPTADORAS DE AHORRO PARA VIAJES","EMPRESAS CAPTADORAS DE AHORRO PARA VIAJES Y DE SERVICIOS TURÍSTICOS","0","0","37","2019"
"393","ACTIVO","CIRCULO DE VIAJES UNIVERSAL S.A.","RISARALDA","66","PEREIRA","66001","860029002","EMPRESAS CAPTADORAS DE AHORRO PARA VIAJES","EMPRESAS CAPTADORAS DE AHORRO PARA VIAJES Y DE SERVICIOS TURÍSTICOS","0","0","21","2019"
"394","ACTIVO","CIRCULO DE VIAJES UNIVERSAL S.A.","ATLANTICO","8","BARRANQUILLA","8001","860029002","EMPRESAS CAPTADORAS DE AHORRO PARA VIAJES","EMPRESAS CAPTADORAS DE AHORRO PARA VIAJES Y DE SERVICIOS TURÍSTICOS","0","0","94","2019"
"396","ACTIVO","HOTEL DANN","BOGOTA","11","BOGOTA D.C.","11001","860014195","ESTABLECIMIENTOS DE ALOJAMIENTO TURÍSTICO","HOTEL","129","228","45","2019"
"397","ACTIVO","HOTEL DECAMERON SAN ANDRES SAN LUIS","SAN ANDRES Y PROVIDENCIA","88","SAN ANDRES","88001","806000179","ESTABLECIMIENTOS DE ALOJAMIENTO TURÍSTICO","HOTEL","233","380","246","2019"
"401","ACTIVO","CIRCULO DE VIAJES UNIVERSAL S.A. CALLE 26","BOGOTA","11","BOGOTA D.C.","11001","860029002","EMPRESAS CAPTADORAS DE AHORRO PARA VIAJES","EMPRESAS CAPTADORAS DE AHORRO PARA VIAJES Y DE SERVICIOS TURÍSTICOS","0","0","427","2019"
"402","ACTIVO","CIRCULO DE VIAJES UNIVERSAL","VALLE DEL CAUCA","76","CALI","76001","860029002","EMPRESAS CAPTADORAS DE AHORRO PARA VIAJES","EMPRESAS CAPTADORAS DE AHORRO PARA VIAJES Y DE SERVICIOS TURÍSTICOS","0","0","117","2019"
"404","ACTIVO","CIRCULO DE VIAJES UNIVERSAL S.A.","SANTANDER","68","BUCARAMANGA","68001","860029002","EMPRESAS CAPTADORAS DE AHORRO PARA VIAJES","EMPRESAS CAPTADORAS DE AHORRO PARA VIAJES Y DE SERVICIOS TURÍSTICOS","0","0","84","2019"
"405","ACTIVO","CIRCULO DE VIAJES UNIVERSAL.","BOLIVAR","13","CARTAGENA","13001","860029002","EMPRESAS CAPTADORAS DE AHORRO PARA VIAJES","EMPRESAS CAPTADORAS DE AHORRO PARA VIAJES Y DE SERVICIOS TURÍSTICOS","0","0","76","2019"
"407","ACTIVO","HOTEL TEQUENDAMA","BOGOTA","11","BOGOTA D.C.","11001","860006543","ESTABLECIMIENTOS DE ALOJAMIENTO TURÍSTICO","HOTEL","573","849","278","2019"
"408","ACTIVO","CIRCULO DE VIAJES UNIVERSAL","ANTIOQUIA","5","MEDELLIN","5001","860029002","EMPRESAS CAPTADORAS DE AHORRO PARA VIAJES","EMPRESAS CAPTADORAS DE AHORRO PARA VIAJES Y DE SERVICIOS TURÍSTICOS","0","0","78","2019"
"413","ACTIVO","VIAJES MEDIO ORIENTE LTDA VIATOURS","BOGOTA","11","BOGOTA D.C.","11001","800138359","AGENCIAS DE VIAJES","AGENCIAS DE VIAJES Y DE TURISMO","0","0","1","2019"
"417","ACTIVO","HOTEL ARIZONA SUITES","NORTE DE SANTANDER","54","CUCUTA","54001","890505594","ESTABLECIMIENTOS DE ALOJAMIENTO TURÍSTICO","HOTEL","72","96","35","2019"
"430","ACTIVO","AVIATUR NORTE","BOGOTA","11","BOGOTA D.C.","11001","860000018","AGENCIAS DE VIAJES","AGENCIAS DE VIAJES Y DE TURISMO","0","0","7","2019"
"431","ACTIVO","AVIATUR HOTEL BOGOTA PLAZA","BOGOTA","11","BOGOTA D.C.","11001","860000018","AGENCIAS DE VIAJES","AGENCIAS DE VIAJES Y DE TURISMO","0","0","6","2019"
"434","ACTIVO","AGENCIA DE VIAJES Y TURISMO CIELOS ABIERTOS LTDA","BOGOTA","11","BOGOTA D.C.","11001","800145723","AGENCIAS DE VIAJES","AGENCIAS DE VIAJES Y DE TURISMO","0","0","30","2019"
"435","ACTIVO","AVIATUR BUCARAMANGA","SANTANDER","68","BUCARAMANGA","68001","860000018","AGENCIAS DE VIAJES","AGENCIAS DE VIAJES Y DE TURISMO","0","0","1876","2019"
"436","ACTIVO","AVIATUR LUFTHANSA CITY CENTER ANDINO","BOGOTA","11","BOGOTA D.C.","11001","860000018","AGENCIAS DE VIAJES","AGENCIAS DE VIAJES Y DE TURISMO","0","0","11","2019"
"438","ACTIVO","AVIATUR OFICINA PRINCIPAL","BOGOTA","11","BOGOTA D.C.","11001","860000018","AGENCIAS DE VIAJES","AGENCIAS DE VIAJES Y DE TURISMO","0","0","1556","2019"
"440","ACTIVO","AVIATUR SAN ANDRES","SAN ANDRES Y PROVIDENCIA","88","SAN ANDRES","88001","860000018","AGENCIAS DE VIAJES","AGENCIAS DE VIAJES Y DE TURISMO","0","0","3","2019"
"441","ACTIVO","AVIATUR PEREIRA","RISARALDA","66","PEREIRA","66001","860000018","AGENCIAS DE VIAJES","AGENCIAS DE VIAJES Y DE TURISMO","0","0","6","2019"
"443","ACTIVO","AEROMUNDO LTDA","ATLANTICO","8","BARRANQUILLA","8001","800157219","AGENCIAS DE VIAJES","AGENCIAS DE VIAJES Y DE TURISMO","0","0","6","2019"
"444","ACTIVO","AVIATUR SANTA MARTA","MAGDALENA","47","SANTA MARTA","47001","860000018","AGENCIAS DE VIAJES","AGENCIAS DE VIAJES Y DE TURISMO","0","0","7","2019"
"447","ACTIVO","HOTEL DEL TURISMO","VALLE DEL CAUCA","76","VERSALLES","76863","891902843","ESTABLECIMIENTOS DE ALOJAMIENTO TURÍSTICO","HOTEL","10","22","4","2019"
"451","ACTIVO","AL PUNTO","VALLE DEL CAUCA","76","CALI","76001","800198454","ESTABLECIMIENTOS DE GASTRONOMÍA Y SIMILARES","BAR","0","0","5","2019"
"456","ACTIVO","HOTEL TIU MARA","VALLE DEL CAUCA","76","CARTAGO","76147","31423912","ESTABLECIMIENTOS DE ALOJAMIENTO TURÍSTICO","HOTEL","16","22","3","2019"
"457","ACTIVO","HOTEL PRINCIPE","SANTANDER","68","BUCARAMANGA","68001","890201460","ESTABLECIMIENTOS DE ALOJAMIENTO TURÍSTICO","HOTEL","33","47","8","2019"
"470","ACTIVO","VIAJES CIRCULAR S.A.S","MAGDALENA","47","SANTA MARTA","47001","800236839","AGENCIAS DE VIAJES","AGENCIAS DE VIAJES Y DE TURISMO","0","0","2","2019"
"471","ACTIVO","GRUPO AVIATUR","BOGOTA","11","BOGOTA D.C.","11001","860061173","OFICINAS DE REPRESENTACION TURÍSTICA","OFICINA DE REPRESENTACIÓN TURÍSTICA","0","0","1","2019"
"472","ACTIVO","VIAJES CIRCULAR S.A.S.","ANTIOQUIA","5","MEDELLIN","5001","800236839","AGENCIAS DE VIAJES","AGENCIAS DE VIAJES Y DE TURISMO","0","0","12","2019"
"473","ACTIVO","VIAJES CIRCULAR S.A.S","RISARALDA","66","PEREIRA","66001","800236839","AGENCIAS DE VIAJES","AGENCIAS DE VIAJES Y DE TURISMO","0","0","5","2019"
"474","ACTIVO","VIAJES CIRCULAR S.A.S.","ATLANTICO","8","BARRANQUILLA","8001","800236839","AGENCIAS DE VIAJES","AGENCIAS DE VIAJES Y DE TURISMO","0","0","15","2019"
"475","ACTIVO","VIAJES CIRCULAR S.A.S.","BOLIVAR","13","CARTAGENA","13001","800236839","AGENCIAS DE VIAJES","AGENCIAS DE VIAJES Y DE TURISMO","0","0","4","2019"
"476","ACTIVO","CENTTURI CENTRAL DE TRANSPORTE TURISTICO","BOGOTA","11","BOGOTA D.C.","11001","900275472","ARRENDADORES DE VEHÍCULOS PARA TURISMO NACIONAL E INTERNACIONAL","ARRENDADORES DE VEHICULOS PARA TURISMO NACIONAL E INTERNACIONAL","0","0","2","2019"
"477","ACTIVO","VIAJES CIRCULAR SAS","VALLE DEL CAUCA","76","CALI","76001","800236839","AGENCIAS DE VIAJES","AGENCIAS DE VIAJES Y DE TURISMO","0","0","6","2019"
"478","ACTIVO","VIAJES CIRCULAR S.A.S.","SANTANDER","68","BUCARAMANGA","68001","800236839","AGENCIAS DE VIAJES","AGENCIAS DE VIAJES Y DE TURISMO","0","0","5","2019"
"480","ACTIVO","VIAJES CIRCULAR SAS","BOGOTA","11","BOGOTA D.C.","11001","800236839","AGENCIAS DE VIAJES","AGENCIAS DE VIAJES Y DE TURISMO","0","0","68","2019"
"481","ACTIVO","HOSTAL INTERNACIONAL","BOGOTA","11","BOGOTA D.C.","11001","79419757","ESTABLECIMIENTOS DE ALOJAMIENTO TURÍSTICO","HOTEL","24","42","5","2019"
"487","ACTIVO","VIAJES AGENTUR LALIANXA","CALDAS","17","MANIZALES","17001","890804852","AGENCIAS DE VIAJES","AGENCIAS DE VIAJES Y DE TURISMO","0","0","5","2019"
"489","ACTIVO","VIAJES AGENTUR SUCURSAL LALIANXA","CALDAS","17","MANIZALES","17001","890804852","AGENCIAS DE VIAJES","AGENCIAS DE VIAJES Y DE TURISMO","0","0","50","2019"
"493","ACTIVO","HOTEL CAPILLA DEL MAR","BOLIVAR","13","CARTAGENA","13001","890401617","ESTABLECIMIENTOS DE ALOJAMIENTO TURÍSTICO","HOTEL","202","398","164","2019"
"494","ACTIVO","VIAJES ORBE","RISARALDA","66","PEREIRA","66001","816008698","AGENCIAS DE VIAJES","AGENCIAS DE VIAJES Y DE TURISMO","0","0","10","2019"
"497","ACTIVO","ALMAR VIAJES Y TURISMO","ANTIOQUIA","5","MEDELLIN","5001","800124429","AGENCIAS DE VIAJES","AGENCIAS DE VIAJES Y DE TURISMO","0","0","6","2019"
"500","ACTIVO","HOTEL EL  MESON","CALDAS","17","LA DORADA","17380","900426745","ESTABLECIMIENTOS DE ALOJAMIENTO TURÍSTICO","HOTEL","34","55","12","2019"
"501","ACTIVO","HOTEL LA VILLA","QUINDIO","63","CALARCA","63130","1097391251","ESTABLECIMIENTOS DE ALOJAMIENTO TURÍSTICO","HOTEL","18","27","5","2019"
"506","ACTIVO","A DESCUBRIR TRAVEL & ADVENTURE","CALDAS","17","MANIZALES","17001","890802221","AGENCIAS DE VIAJES","AGENCIAS DE VIAJES Y DE TURISMO","0","0","1","2019"
"518","ACTIVO","SWISS ANDINA TURISMO","ANTIOQUIA","5","MEDELLIN","5001","800012484","AGENCIAS DE VIAJES","AGENCIAS DE VIAJES Y DE TURISMO","0","0","49","2019"
"519","ACTIVO","SWISS ANDINA TURISMO S A","BOGOTA","11","BOGOTA D.C.","11001","800012484","AGENCIAS DE VIAJES","AGENCIAS DE VIAJES Y DE TURISMO","0","0","1","2019"
"534","ACTIVO","GRUPO OPERAMA OPERADORA MAYORISTA DE TURISMO","BOGOTA","11","BOGOTA D.C.","11001","860509639","AGENCIAS DE VIAJES","AGENCIAS DE VIAJES Y DE TURISMO","0","0","1","2019"
"535","ACTIVO","EUROCONTINENTES AGENCIA DE VIAJES LTDA","BOGOTA","11","BOGOTA D.C.","11001","860530690","AGENCIAS DE VIAJES","AGENCIAS DE VIAJES Y DE TURISMO","0","0","5","2019"
"552","ACTIVO","AEROVIAJES PACIFICO DE BOGOTA S.A.","BOGOTA","11","BOGOTA D.C.","11001","860059038","AGENCIAS DE VIAJES","AGENCIAS DE VIAJES Y DE TURISMO","0","0","40","2019"
"555","ACTIVO","TURISMUNDO","BOGOTA","11","BOGOTA D.C.","11001","860045867","AGENCIAS DE VIAJES","AGENCIAS DE VIAJES Y DE TURISMO","0","0","7","2019"
"557","ACTIVO","AGENCIA CONTINENTAL DE VIAJES","BOGOTA","11","BOGOTA D.C.","11001","860059372","AGENCIAS DE VIAJES","AGENCIAS DE VIAJES Y DE TURISMO","0","0","2","2019"
"560","ACTIVO","ACTOURS","RISARALDA","66","DOS QUEBRADAS","66170","800201756","AGENCIAS DE VIAJES","AGENCIAS DE VIAJES Y DE TURISMO","0","0","4","2019"
"563","ACTIVO","ORIENTUR LTDA","BOGOTA","11","BOGOTA D.C.","11001","860051343","AGENCIAS DE VIAJES","AGENCIAS DE VIAJES Y DE TURISMO","0","0","1","2019"
"564","ACTIVO","EDUCAMOS VIAJANDO","BOGOTA","11","BOGOTA D.C.","11001","860090062","AGENCIAS DE VIAJES","AGENCIAS DE VIAJES Y DE TURISMO","0","0","8","2019"
"566","ACTIVO","BLANCO TRAVEL SERVICE","BOGOTA","11","BOGOTA D.C.","11001","860033161","AGENCIAS DE VIAJES","AGENCIAS DE VIAJES Y DE TURISMO","0","0","7","2019"
"570","ACTIVO","EL CLAN VIAJES Y TURISMO","BOGOTA","11","BOGOTA D.C.","11001","800049069","AGENCIAS DE VIAJES","AGENCIAS DE VIAJES Y DE TURISMO","0","0","10","2019"
"572","ACTIVO","DUQUE ESCOBAR Y CIA VIAJES CHAPINERO L`ALIANXA S A S","BOGOTA","11","BOGOTA D.C.","11001","860027862","AGENCIAS DE VIAJES","AGENCIAS DE VIAJES Y DE TURISMO","0","0","45","2019"
"598","ACTIVO","DAVIAJES MAYORISTA DE TURISMO","VALLE DEL CAUCA","76","CALI","76001","890319757","AGENCIAS DE VIAJES","AGENCIAS DE VIAJES MAYORISTAS","0","0","1","2019"
"599","ACTIVO","VIAJES CALIMA","VALLE DEL CAUCA","76","CALI","76001","890315851","AGENCIAS DE VIAJES","AGENCIAS DE VIAJES Y DE TURISMO","0","0","19","2019"
"601","ACTIVO","PULLMAN TOURS L' ALIANXA AGENCIA DE VIAJES.","VALLE DEL CAUCA","76","CALI","76001","890311940","AGENCIAS DE VIAJES","AGENCIAS DE VIAJES Y DE TURISMO","0","0","60","2019"
"604","ACTIVO","MAYATUR","BOGOTA","11","BOGOTA D.C.","11001","860015826","AGENCIAS DE VIAJES","AGENCIAS DE VIAJES Y DE TURISMO","0","0","15","2019"
"605","ACTIVO","CALIENTE TOURS.-","BOLIVAR","13","CARTAGENA","13001","890404163","AGENCIAS DE VIAJES","AGENCIAS DE VIAJES OPERADORAS","0","0","13","2019"
"609","ACTIVO","AVIMARCOT LTDA","CUNDINAMARCA","25","FUSAGASUGA","25290","800159744","AGENCIAS DE VIAJES","AGENCIAS DE VIAJES Y DE TURISMO","0","0","3","2019"
"615","ACTIVO","SANTUR L'ALIANXA","SANTANDER","68","BUCARAMANGA","68001","890203129","AGENCIAS DE VIAJES","AGENCIAS DE VIAJES Y DE TURISMO","0","0","1","2019"
"616","ACTIVO","AGENCIA DE VIAJES Y TURISMO - ASTROTOURS","BOGOTA","11","BOGOTA D.C.","11001","860505834","AGENCIAS DE VIAJES","AGENCIAS DE VIAJES Y DE TURISMO","0","0","1","2019"
"645","ACTIVO","GUAJIRA TOURS. AGENCIA DE VIAJES Y TURISMO","GUAJIRA","44","RIOHACHA","44001","892115135","AGENCIAS DE VIAJES","AGENCIAS DE VIAJES Y DE TURISMO","0","0","1","2019"
"646","ACTIVO","HATOVIEJO PALMAS","ANTIOQUIA","5","MEDELLIN","5001","811035961","ESTABLECIMIENTOS DE GASTRONOMÍA Y SIMILARES","RESTAURANTES","0","0","57","2019"
"654","ACTIVO","HOTEL EL DORADO PASTO","NARIÑO","52","PASTO","52001","98387792","ESTABLECIMIENTOS DE ALOJAMIENTO TURÍSTICO","HOTEL","29","53","10","2019"
"662","ACTIVO","HOTEL AMERICANA","NARIÑO","52","PASTO","52001","98387792","ESTABLECIMIENTOS DE ALOJAMIENTO TURÍSTICO","HOTEL","26","34","5","2019"
"676","ACTIVO","I A REPRESENTACIONES","BOGOTA","11","BOGOTA D.C.","11001","800111778","OFICINAS DE REPRESENTACION TURÍSTICA","OFICINA DE REPRESENTACIÓN TURÍSTICA","0","0","2","2019"
"681","ACTIVO","HOTEL OBELISCO","VALLE DEL CAUCA","76","CALI","76001","800128709","ESTABLECIMIENTOS DE ALOJAMIENTO TURÍSTICO","HOTEL","70","117","66","2019"
"687","ACTIVO","HOTEL CAMPESTRE MONCADA","SANTANDER","68","BARBOSA","68077","890201890","ESTABLECIMIENTOS DE ALOJAMIENTO TURÍSTICO","HOTEL","55","161","14","2019"
"688","ACTIVO","VIAJAR POR COLOMBIA Y EL MUNDO S.A.S.","VALLE DEL CAUCA","76","CALI","76001","800135149","AGENCIAS DE VIAJES","AGENCIAS DE VIAJES Y DE TURISMO","0","0","34","2019"
"705","ACTIVO","L' ALIANXA TRAVEL NETWORK COLOMBIA","BOGOTA","11","BOGOTA D.C.","11001","800082671","AGENCIAS DE VIAJES","AGENCIAS DE VIAJES Y DE TURISMO","0","0","1","2019"
"707","ACTIVO","PROMOTORA DE VENTAS","ANTIOQUIA","5","ENVIGADO","5266","890903213","AGENCIAS DE VIAJES","AGENCIAS DE VIAJES Y DE TURISMO","0","0","3","2019"
"710","ACTIVO","MUNDO JOVEN VIAJES Y TURISMO","SANTANDER","68","BUCARAMANGA","68001","800097008","AGENCIAS DE VIAJES","AGENCIAS DE VIAJES Y DE TURISMO","0","0","1","2019"
"712","ACTIVO","HOTEL DE TURISMO GUADALAJARA S.A.","VALLE DEL CAUCA","76","BUGA","76111","891380044","ESTABLECIMIENTOS DE ALOJAMIENTO TURÍSTICO","HOTEL","67","166","70","2019"
"722","ACTIVO","NH ROYAL CALI","VALLE DEL CAUCA","76","CALI","76001","800238090","ESTABLECIMIENTOS DE ALOJAMIENTO TURÍSTICO","HOTEL","145","174","38","2019"
"743","ACTIVO","SANTANDEREANA DE VIAJES LIMITADA","SANTANDER","68","BUCARAMANGA","68001","890208686","AGENCIAS DE VIAJES","AGENCIAS DE VIAJES Y DE TURISMO","0","0","1","2019"
"745","ACTIVO","HOTEL DANN CARLTON","BOGOTA","11","BOGOTA D.C.","11001","800180375","ESTABLECIMIENTOS DE ALOJAMIENTO TURÍSTICO","HOTEL","139","198","35","2019"
"766","ACTIVO","VIAJES PASTO LTDA","NARIÑO","52","PASTO","52001","891200479","AGENCIAS DE VIAJES","AGENCIAS DE VIAJES Y DE TURISMO","0","0","3","2019"
"780","ACTIVO","BOYACA TOURS (AGENCIA DE VIAJES)","BOYACA","15","TUNJA","15001","891800909","AGENCIAS DE VIAJES","AGENCIAS DE VIAJES Y DE TURISMO","0","0","1","2019"
"782","ACTIVO","SERTUR L ALIANXA LTDA","CALDAS","17","MANIZALES","17001","800166206","AGENCIAS DE VIAJES","AGENCIAS DE VIAJES Y DE TURISMO","0","0","1","2019"
"789","ACTIVO","PROTURISMO","META","50","VILLAVICENCIO","50001","892003663","AGENCIAS DE VIAJES","AGENCIAS DE VIAJES Y DE TURISMO","0","0","1","2019"
"793","ACTIVO","PROMOTORA DE TURISMO BELISARIO MARIN","VALLE DEL CAUCA","76","CALI","76001","890316281","AGENCIAS DE VIAJES","AGENCIAS DE VIAJES Y DE TURISMO","0","0","46","2019"
"794","ACTIVO","VIAJES PALOMARES","ANTIOQUIA","5","MEDELLIN","5001","890904222","AGENCIAS DE VIAJES","AGENCIAS DE VIAJES Y DE TURISMO","0","0","19","2019"
"803","ACTIVO","GIRATUR S.A.S","BOGOTA","11","BOGOTA D.C.","11001","890928375","AGENCIAS DE VIAJES","AGENCIAS DE VIAJES Y DE TURISMO","0","0","17","2019"
"808","ACTIVO","PANTURISMO PRINCIPAL","VALLE DEL CAUCA","76","CALI","76001","890317939","AGENCIAS DE VIAJES","AGENCIAS DE VIAJES Y DE TURISMO","0","0","1","2019"
"813","ACTIVO","HOTEL CAPITAL","BOGOTA","11","BOGOTA D.C.","11001","800247030","ESTABLECIMIENTOS DE ALOJAMIENTO TURÍSTICO","HOTEL","216","335","156","2019"
"816","ACTIVO","A FONDO VIAJES Y TURISMO","ANTIOQUIA","5","MEDELLIN","5001","800038235","AGENCIAS DE VIAJES","AGENCIAS DE VIAJES Y DE TURISMO","0","0","10","2019"
"821","ACTIVO","NOVATOURS","BOGOTA","11","BOGOTA D.C.","11001","800003442","AGENCIAS DE VIAJES","AGENCIAS DE VIAJES Y DE TURISMO","0","0","14","2019"
"823","ACTIVO","CARLSON WAGONLIT TRAVEL","BOGOTA","11","BOGOTA D.C.","11001","860509804","AGENCIAS DE VIAJES","AGENCIAS DE VIAJES Y DE TURISMO","0","0","220","2019"
"834","ACTIVO","J E TOURS","VALLE DEL CAUCA","76","CALI","76001","800177456","AGENCIAS DE VIAJES","AGENCIAS DE VIAJES Y DE TURISMO","0","0","40","2019"
"838","ACTIVO","HOTEL ANACONDA","AMAZONAS","91","LETICIA","91001","860060249","ESTABLECIMIENTOS DE ALOJAMIENTO TURÍSTICO","HOTEL","50","122","15","2019"
"844","ACTIVO","TERRA NOVA CIA","ANTIOQUIA","5","MEDELLIN","5001","890931868","AGENCIAS DE VIAJES","AGENCIAS DE VIAJES Y DE TURISMO","0","0","18","2019"
"848","ACTIVO","JULIO ALBERTO SUAREZ REPRESENTACIONES TURISTICAS","ANTIOQUIA","5","MEDELLIN","5001","800174125","AGENCIAS DE VIAJES","AGENCIAS DE VIAJES MAYORISTAS","0","0","9","2019"
"849","ACTIVO","CARLSON WAGONLIT TRAVEL","ANTIOQUIA","5","MEDELLIN","5001","860509804","AGENCIAS DE VIAJES","AGENCIAS DE VIAJES Y DE TURISMO","0","0","22","2019"
"865","ACTIVO","THE EMBASSY TO ALL TRAVEL","BOGOTA","11","BOGOTA D.C.","11001","860533669","AGENCIAS DE VIAJES","AGENCIAS DE VIAJES Y DE TURISMO","0","0","4","2019"
"884","ACTIVO","ANACONDA TOURS","AMAZONAS","91","LETICIA","91001","860060249","AGENCIAS DE VIAJES","AGENCIAS DE VIAJES Y DE TURISMO","0","0","1","2019"
"887","ACTIVO","RECEPTOUR DEL CARIBE NO.2","SAN ANDRES Y PROVIDENCIA","88","SAN ANDRES","88001","892400201","AGENCIAS DE VIAJES","AGENCIAS DE VIAJES Y DE TURISMO","0","0","1","2019"
"891","ACTIVO","COLOMBIAN TOURIST - SUCURSAL CALLE 90","BOGOTA","11","BOGOTA D.C.","11001","860000230","AGENCIAS DE VIAJES","AGENCIAS DE VIAJES Y DE TURISMO","0","0","33","2019"
"895","ACTIVO","APARTAHOTEL TISKIRAMA","MAGDALENA","47","SANTA MARTA","47001","154462","ESTABLECIMIENTOS DE ALOJAMIENTO TURÍSTICO","APARTAHOTEL","36","150","3","2019"
"901","ACTIVO","HOTEL POBLADO PLAZA","ANTIOQUIA","5","MEDELLIN","5001","811031140","ESTABLECIMIENTOS DE ALOJAMIENTO TURÍSTICO","HOTEL","84","178","101","2019"
"909","ACTIVO","HOTEL CUELLARS","NARIÑO","52","PASTO","52001","814003583","ESTABLECIMIENTOS DE ALOJAMIENTO TURÍSTICO","HOTEL","92","149","49","2019"
"921","ACTIVO","HOTEL LAS LOMAS","ANTIOQUIA","5","RIONEGRO","5615","900521807","ESTABLECIMIENTOS DE ALOJAMIENTO TURÍSTICO","HOTEL","252","315","133","2019"
"925","ACTIVO","REYES TOURS","BOGOTA","11","BOGOTA D.C.","11001","860401107","AGENCIAS DE VIAJES","AGENCIAS DE VIAJES Y DE TURISMO","0","0","17","2019"
"931","ACTIVO","HOTEL JUAN MARIA LTDA.","VALLE DEL CAUCA","76","TULUA","76834","891901551","ESTABLECIMIENTOS DE ALOJAMIENTO TURÍSTICO","HOTEL","49","133","15","2019"
"937","ACTIVO","HOTEL SUITES DORADO","ATLANTICO","8","BARRANQUILLA","8001","900394768","ESTABLECIMIENTOS DE ALOJAMIENTO TURÍSTICO","HOTEL","50","70","7","2019"
"952","ACTIVO","VIAJES ARAUCA LIMITADA","ARAUCA","81","ARAUCA","81001","891855330","AGENCIAS DE VIAJES","AGENCIAS DE VIAJES Y DE TURISMO","0","0","1","2019"
"954","ACTIVO","AGENCIA DE VIAJES AZ S A","BOGOTA","11","BOGOTA D.C.","11001","860500506","AGENCIAS DE VIAJES","AGENCIAS DE VIAJES Y DE TURISMO","0","0","1","2019"
"960","ACTIVO","CORALES, VIAJES Y TURISMO","SANTANDER","68","BUCARAMANGA","68001","804003805","AGENCIAS DE VIAJES","AGENCIAS DE VIAJES Y DE TURISMO","0","0","1","2019"
"985","ACTIVO","HOTEL TIUNA","SAN ANDRES Y PROVIDENCIA","88","SAN ANDRES","88001","890400881","ESTABLECIMIENTOS DE ALOJAMIENTO TURÍSTICO","HOTEL","157","380","58","2019"
"999","ACTIVO","MARVEL TOURS AND TRAVEL","VALLE DEL CAUCA","76","CALI","76001","800225919","AGENCIAS DE VIAJES","AGENCIAS DE VIAJES OPERADORAS","0","0","4","2019"
"1008","ACTIVO","HOTEL VILLAVICENCIO PLAZA","META","50","VILLAVICENCIO","50001","860403441","ESTABLECIMIENTOS DE ALOJAMIENTO TURÍSTICO","HOTEL","65","95","16","2019"
"1020","ACTIVO","AVIATUR CORFERIAS","BOGOTA","11","BOGOTA D.C.","11001","860000018","AGENCIAS DE VIAJES","AGENCIAS DE VIAJES Y DE TURISMO","0","0","2","2019"
"1023","ACTIVO","OPERADORA APARTAHOTEL LAS AMERICAS","SAN ANDRES Y PROVIDENCIA","88","SAN ANDRES","88001","827000418","ESTABLECIMIENTOS DE ALOJAMIENTO TURÍSTICO","HOTEL","107","190","57","2019"
"1026","ACTIVO","AVIATUR SAN DIEGO","BOGOTA","11","BOGOTA D.C.","11001","860000018","AGENCIAS DE VIAJES","AGENCIAS DE VIAJES Y DE TURISMO","0","0","4","2019"
"1027","ACTIVO","AVIATUR HOTEL FORTE CAPITAL","BOGOTA","11","BOGOTA D.C.","11001","860000018","AGENCIAS DE VIAJES","AGENCIAS DE VIAJES Y DE TURISMO","0","0","8","2019"
"1028","ACTIVO","NH COLLECTION ROYAL TELEPORT","BOGOTA","11","BOGOTA D.C.","11001","800241635","ESTABLECIMIENTOS DE ALOJAMIENTO TURÍSTICO","HOTEL","251","273","96","2019"
"1029","ACTIVO","AVIATUR WORLD TRADE CENTER","BOGOTA","11","BOGOTA D.C.","11001","860000018","AGENCIAS DE VIAJES","AGENCIAS DE VIAJES Y DE TURISMO","0","0","10","2019"
"1037","ACTIVO","AVIATUR MAMONAL","BOLIVAR","13","CARTAGENA","13001","860000018","AGENCIAS DE VIAJES","AGENCIAS DE VIAJES Y DE TURISMO","0","0","2","2019"
"1041","ACTIVO","UNION DE REPRESENTACIONES","BOGOTA","11","BOGOTA D.C.","11001","860535628","OFICINAS DE REPRESENTACION TURÍSTICA","OFICINA DE REPRESENTACIÓN TURÍSTICA","0","0","12","2019"
"1043","ACTIVO","OCTOPUS TRAVEL LTDA","BOGOTA","11","BOGOTA D.C.","11001","800249805","AGENCIAS DE VIAJES","AGENCIAS DE VIAJES Y DE TURISMO","0","0","18","2019"
"1059","ACTIVO","HOTEL EL PASO I","BOYACA","15","TUNJA","15001","40048451","ESTABLECIMIENTOS DE ALOJAMIENTO TURÍSTICO","HOTEL","19","35","1","2019"
"1076","ACTIVO","N H COLLECTION ROYAL ANDINO","BOGOTA","11","BOGOTA D.C.","11001","800241641","ESTABLECIMIENTOS DE ALOJAMIENTO TURÍSTICO","HOTEL","70","76","29","2019"
"1106","ACTIVO","AGROTOUR LIMITADA","QUINDIO","63","ARMENIA","63001","801000648","AGENCIAS DE VIAJES","AGENCIAS DE VIAJES Y DE TURISMO","0","0","1","2019"
"1114","ACTIVO","HOTEL BELFORT","ANTIOQUIA","5","MEDELLIN","5001","830054539","ESTABLECIMIENTOS DE ALOJAMIENTO TURÍSTICO","HOTEL","98","116","90","2019"
"1119","ACTIVO","HOTEL ESTELAR LA FONTANA","BOGOTA","11","BOGOTA D.C.","11001","890304099","ESTABLECIMIENTOS DE ALOJAMIENTO TURÍSTICO","HOTEL","214","260","54","2019"
"1126","ACTIVO","HOTEL LA RIVIERA","MAGDALENA","47","SANTA MARTA","47001","891702356","ESTABLECIMIENTOS DE ALOJAMIENTO TURÍSTICO","HOTEL","75","220","32","2019"
"1130","ACTIVO","HOTEL VALLADOLID","MAGDALENA","47","SANTA MARTA","47001","891701840","ESTABLECIMIENTOS DE ALOJAMIENTO TURÍSTICO","HOTEL","43","103","16","2019"
"1135","ACTIVO","TEMAIREP T.M.R.","BOGOTA","11","BOGOTA D.C.","11001","860079098","OFICINAS DE REPRESENTACION TURÍSTICA","OFICINA DE REPRESENTACIÓN TURÍSTICA","0","0","2","2019"
"1137","ACTIVO","MUNDIAL DE CRUCEROS","BOGOTA","11","BOGOTA D.C.","11001","800202687","OFICINAS DE REPRESENTACION TURÍSTICA","OFICINA DE REPRESENTACIÓN TURÍSTICA","0","0","1","2019"
"1138","ACTIVO","C.B. HOTELES Y RESORTS","MAGDALENA","47","SANTA MARTA","47001","819000986","ESTABLECIMIENTOS DE ALOJAMIENTO TURÍSTICO","HOTEL","331","1237","480","2019"
"1143","ACTIVO","HOTEL FOUR POINTS BY SHERATON MEDELLIN","ANTIOQUIA","5","MEDELLIN","5001","830015764","ESTABLECIMIENTOS DE ALOJAMIENTO TURÍSTICO","HOTEL","123","210","88","2019"
"1166","ACTIVO","HOTEL FANINE INN","BOYACA","15","PAIPA","15516","900040852","ESTABLECIMIENTOS DE ALOJAMIENTO TURÍSTICO","HOTEL","31","80","4","2019"
"1177","ACTIVO","PETITE HOTEL BELLA MONTAÃ‘A","CALDAS","17","MANIZALES","17001","1053856153","ESTABLECIMIENTOS DE ALOJAMIENTO TURÍSTICO","HOTEL","13","28","2","2019"
"1179","ACTIVO","HOTEL EL OASIS","ANTIOQUIA","5","RIONEGRO","5615","901247105","ESTABLECIMIENTOS DE ALOJAMIENTO TURÍSTICO","HOTEL","36","62","2","2019"
"1189","ACTIVO","SERPROTUR","BOGOTA","11","BOGOTA D.C.","11001","860515293","AGENCIAS DE VIAJES","AGENCIAS DE VIAJES Y DE TURISMO","0","0","1","2019"
"1190","ACTIVO","PASAJES LTDA","NORTE DE SANTANDER","54","CUCUTA","54001","890504429","AGENCIAS DE VIAJES","AGENCIAS DE VIAJES Y DE TURISMO","0","0","1","2019"
"1194","ACTIVO","TURISMO JOTACE LTDA","BOGOTA","11","BOGOTA D.C.","11001","830011780","AGENCIAS DE VIAJES","AGENCIAS DE VIAJES Y DE TURISMO","0","0","3","2019"
"1197","ACTIVO","SURAMERICANA DE TURISMO","VALLE DEL CAUCA","76","CALI","76001","890318861","AGENCIAS DE VIAJES","AGENCIAS DE VIAJES Y DE TURISMO","0","0","6","2019"
"1203","ACTIVO","CONTACTOS - ORGANIZADORES PROFESIONALES DE CONGRESOS","BOLIVAR","13","CARTAGENA","13001","890402264","OPERADORES PROFESIONALES DE CONGRESOS, FERIAS Y CONVENCIONES","OPERADORES PROFESIONALES DE CONGRESOS, FERIAS Y CONVENCIONES","0","0","13","2019"
"1204","ACTIVO","TURISMO","BOGOTA","11","BOGOTA D.C.","11001","860045705","AGENCIAS DE VIAJES","AGENCIAS DE VIAJES Y DE TURISMO","0","0","6","2019"
"1205","ACTIVO","CONTACTOS-LAS AMERICAS.","BOLIVAR","13","CARTAGENA","13001","890402264","AGENCIAS DE VIAJES","AGENCIAS DE VIAJES Y DE TURISMO","0","0","4","2019"
"1209","ACTIVO","CONTACTOS L""ALIANXA - BOCAGRANDE","BOLIVAR","13","CARTAGENA","13001","890402264","AGENCIAS DE VIAJES","AGENCIAS DE VIAJES OPERADORAS","0","0","23","2019"
"1213","ACTIVO","HOTEL DUX","BOYACA","15","TUNJA","15001","40018436","ESTABLECIMIENTOS DE ALOJAMIENTO TURÍSTICO","HOTEL","10","24","1","2019"
"1217","ACTIVO","CONTACTOS S.A.S. - SUCURSAL PEDRO DE HEREDIA","BOLIVAR","13","CARTAGENA","13001","890402264","AGENCIAS DE VIAJES","AGENCIAS DE VIAJES Y DE TURISMO","0","0","10","2019"
"1220","ACTIVO","VIAJES COUNTRY","BOGOTA","11","BOGOTA D.C.","11001","800074976","AGENCIAS DE VIAJES","AGENCIAS DE VIAJES Y DE TURISMO","0","0","13","2019"
"1221","ACTIVO","CONTACTOS L""ALIANXA-AEROPUERTO","BOLIVAR","13","CARTAGENA","13001","890402264","AGENCIAS DE VIAJES","AGENCIAS DE VIAJES Y DE TURISMO","0","0","5","2019"
"1222","ACTIVO","CHICO TOURS LTDA","BOGOTA","11","BOGOTA D.C.","11001","800202053","AGENCIAS DE VIAJES","AGENCIAS DE VIAJES Y DE TURISMO","0","0","1","2019"
"1241","ACTIVO","HOTEL LA EMBAJADA ANTIOQUENA","NORTE DE SANTANDER","54","CUCUTA","54001","60347847","ESTABLECIMIENTOS DE ALOJAMIENTO TURÍSTICO","HOTEL","18","24","5","2019"
"1247","ACTIVO","PARK HOTEL","MAGDALENA","47","SANTA MARTA","47001","900961033","ESTABLECIMIENTOS DE ALOJAMIENTO TURÍSTICO","HOTEL","50","100","12","2019"
"1255","ACTIVO","RUMBOS LIMITADA","SANTANDER","68","BUCARAMANGA","68001","890204168","AGENCIAS DE VIAJES","AGENCIAS DE VIAJES Y DE TURISMO","0","0","1","2019"
"1260","ACTIVO","APARTAHOTEL PORTAL DEL RODEO","ANTIOQUIA","5","MEDELLIN","5001","811005803","ESTABLECIMIENTOS DE ALOJAMIENTO TURÍSTICO","APARTAHOTEL","51","100","21","2019"
"1261","ACTIVO","AGENCIA DE VIAJES Y TURISMO ROKA LTDA","BOYACA","15","TUNJA","15001","891801150","AGENCIAS DE VIAJES","AGENCIAS DE VIAJES Y DE TURISMO","0","0","1","2019"
"1262","ACTIVO","ESTELAR SANTAMAR HOTEL & CENTRO DE CONVENCIONES","MAGDALENA","47","SANTA MARTA","47001","890304099","ESTABLECIMIENTOS DE ALOJAMIENTO TURÍSTICO","HOTEL","129","248","1","2019"
"1265","ACTIVO","HOTEL CHICALA S.A.S","HUILA","41","NEIVA","41001","891101711","ESTABLECIMIENTOS DE ALOJAMIENTO TURÍSTICO","HOTEL","73","131","62","2019"
"1267","ACTIVO","HOTEL SAUCES DEL ESTADIO LA 70","ANTIOQUIA","5","MEDELLIN","5001","900274900","ESTABLECIMIENTOS DE ALOJAMIENTO TURÍSTICO","HOTEL","127","182","30","2019"
"1269","ACTIVO","HOTEL PLAZA CARACAS","ANTIOQUIA","5","MEDELLIN","5001","1128415283","ESTABLECIMIENTOS DE ALOJAMIENTO TURÍSTICO","HOTEL","15","43","3","2019"
"1270","ACTIVO","HOTEL Y RESTAURANTE ISLAVITA DE CHINACOTA","NORTE DE SANTANDER","54","CHINACOTA","54172","13256746","ESTABLECIMIENTOS DE ALOJAMIENTO TURÍSTICO","HOTEL","20","90","1","2019"
"1274","ACTIVO","PARK 10 EXECUTIVE SUITES","ANTIOQUIA","5","MEDELLIN","5001","900408922","ESTABLECIMIENTOS DE ALOJAMIENTO TURÍSTICO","HOTEL","55","68","78","2019"
"1275","ACTIVO","HOTEL ACUARIUS","NORTE DE SANTANDER","54","CUCUTA","54001","8294877","ESTABLECIMIENTOS DE ALOJAMIENTO TURÍSTICO","HOTEL","9","9","1","2019"
"1305","ACTIVO","INTERNACIONAL DE TURISMO INTERTURISMO","ANTIOQUIA","5","MEDELLIN","5001","890941091","AGENCIAS DE VIAJES","AGENCIAS DE VIAJES Y DE TURISMO","0","0","3","2019"
"1332","ACTIVO","HOTEL BARRANQUEROS","QUINDIO","63","ARMENIA","63001","890000381","ESTABLECIMIENTOS DE ALOJAMIENTO TURÍSTICO","HOTEL","48","189","8","2019"
"1344","ACTIVO","HOTELES ESTELAR SUCURSAL PAIPA","BOYACA","15","PAIPA","15516","890304099","ESTABLECIMIENTOS DE ALOJAMIENTO TURÍSTICO","HOTEL","105","182","116","2019"
"1398","ACTIVO","VIAJES PORTOFINO","SAN ANDRES Y PROVIDENCIA","88","SAN ANDRES","88001","827000044","AGENCIAS DE VIAJES","AGENCIAS DE VIAJES Y DE TURISMO","0","0","8","2019"
"1404","ACTIVO","HOTEL PACANDE","HUILA","41","NEIVA","41001","900577770","ESTABLECIMIENTOS DE ALOJAMIENTO TURÍSTICO","HOTEL","29","40","7","2019"
"1410","ACTIVO","HOTEL SOFITEL VICTORIA REGIA","BOGOTA","11","BOGOTA D.C.","11001","800210409","ESTABLECIMIENTOS DE ALOJAMIENTO TURÍSTICO","HOTEL","102","109","113","2019"
"1412","ACTIVO","GEMA TOURS SA","BOGOTA","11","BOGOTA D.C.","11001","890404365","AGENCIAS DE VIAJES","AGENCIAS DE VIAJES Y DE TURISMO","0","0","16","2019"
"1422","ACTIVO","GEMA TOURS.","BOLIVAR","13","CARTAGENA","13001","890404365","AGENCIAS DE VIAJES","AGENCIAS DE VIAJES Y DE TURISMO","0","0","8","2019"
"1423","ACTIVO","HOTEL LUGANO SUITES","BOGOTA","11","BOGOTA D.C.","11001","860507870","ESTABLECIMIENTOS DE ALOJAMIENTO TURÍSTICO","HOTEL","36","42","30","2019"
"1438","ACTIVO","GEMA TOURS HOTEL CARTAGENA HILTON.","BOLIVAR","13","CARTAGENA","13001","890404365","AGENCIAS DE VIAJES","AGENCIAS DE VIAJES Y DE TURISMO","0","0","1","2019"
"1475","ACTIVO","HOTEL EL LAGO","BOYACA","15","PAIPA","15516","800006073","ESTABLECIMIENTOS DE ALOJAMIENTO TURÍSTICO","HOTEL","50","106","25","2019"
"1484","ACTIVO","HOTEL RESIDENCIAS ESPANA","BOGOTA","11","BOGOTA D.C.","11001","19379258","ESTABLECIMIENTOS DE ALOJAMIENTO TURÍSTICO","HOTEL","22","27","1","2019"
"1518","ACTIVO","POSADA DEL CAMPANARIO","SANTANDER","68","BARICHARA","68079","830007377","ESTABLECIMIENTOS DE ALOJAMIENTO TURÍSTICO","HOTEL","6","17","4","2019"
"1537","ACTIVO","HOTEL SOGAMOSO REAL","BOYACA","15","SOGAMOSO","15759","6744461","ESTABLECIMIENTOS DE ALOJAMIENTO TURÍSTICO","HOTEL","21","50","10","2019"
"1573","ACTIVO","HOTEL CHICAMOCHA","SANTANDER","68","BUCARAMANGA","68001","890203975","ESTABLECIMIENTOS DE ALOJAMIENTO TURÍSTICO","HOTEL","160","301","40","2019"
"1580","ACTIVO","HOSTERIA LOS VELEROS","VALLE DEL CAUCA","76","CALIMA (DARIEN)","76126","890303208","ESTABLECIMIENTOS DE ALOJAMIENTO TURÍSTICO","HOTEL","34","108","7","2019"
"1597","ACTIVO","HOTEL LOS PUENTES COMFACUNDI","CUNDINAMARCA","25","GIRARDOT","25307","860045904","ESTABLECIMIENTOS DE ALOJAMIENTO TURÍSTICO","HOTEL","72","239","33","2019"
"1598","ACTIVO","COUNTRY INTERNATIONAL HOTEL","ATLANTICO","8","BARRANQUILLA","8001","800216575","ESTABLECIMIENTOS DE ALOJAMIENTO TURÍSTICO","HOTEL","72","95","65","2019"
"1603","ACTIVO","HOTEL REFUGIO EL SANTUARIO","CUNDINAMARCA","25","FUQUENE","25288","860045904","ESTABLECIMIENTOS DE ALOJAMIENTO TURÍSTICO","HOTEL","16","43","4","2019"
"1628","ACTIVO","HOTEL DANN NORTE","BOGOTA","11","BOGOTA D.C.","11001","800180375","ESTABLECIMIENTOS DE ALOJAMIENTO TURÍSTICO","HOTEL","95","131","24","2019"
"1638","ACTIVO","VELEZ TOURS","BOGOTA","11","BOGOTA D.C.","11001","860025283","AGENCIAS DE VIAJES","AGENCIAS DE VIAJES Y DE TURISMO","0","0","1","2019"
"1664","ACTIVO","MULTIVIAJES","BOGOTA","11","BOGOTA D.C.","11001","800214052","AGENCIAS DE VIAJES","AGENCIAS DE VIAJES Y DE TURISMO","0","0","19","2019"
"1683","ACTIVO","LAGOMAR EL PEÃ‘ON COMPENSAR","CUNDINAMARCA","25","GIRARDOT","25307","860066942","ESTABLECIMIENTOS DE ALOJAMIENTO TURÍSTICO","HOTEL","171","468","258","2019"
"1709","ACTIVO","VIAJES MOLITUR","ANTIOQUIA","5","MEDELLIN","5001","890917215","AGENCIAS DE VIAJES","AGENCIAS DE VIAJES Y DE TURISMO","0","0","18","2019"
"1713","ACTIVO","HOTEL CENTRO TURISTICO LAS TERMALES (ARRENDADO)","HUILA","41","RIVERA","41615","891100801","ESTABLECIMIENTOS DE ALOJAMIENTO TURÍSTICO","HOTEL","5","15","11","2019"
"1723","ACTIVO","HOTEL COCOPLUM BEACH","SAN ANDRES Y PROVIDENCIA","88","SAN ANDRES","88001","21070439","ESTABLECIMIENTOS DE ALOJAMIENTO TURÍSTICO","HOTEL","41","106","78","2019"
"1732","ACTIVO","STATUS SUITES DE ESTILO EJECUTIVO","ANTIOQUIA","5","MEDELLIN","5001","811005803","ESTABLECIMIENTOS DE ALOJAMIENTO TURÍSTICO","APARTAHOTEL","32","68","27","2019"
"1745","ACTIVO","VIAJAR LIMITADA L""ALIANXA","ATLANTICO","8","BARRANQUILLA","8001","890100705","AGENCIAS DE VIAJES","AGENCIAS DE VIAJES Y DE TURISMO","0","0","2","2019"
"1751","ACTIVO","LORD PIERRE HOTEL EN EXPLOTACION","SAN ANDRES Y PROVIDENCIA","88","SAN ANDRES","88001","827000855","ESTABLECIMIENTOS DE ALOJAMIENTO TURÍSTICO","HOTEL","61","171","15","2019"
"1752","ACTIVO","VIAJAR LIMITADA L ALIANXA","BOGOTA","11","BOGOTA D.C.","11001","890100705","AGENCIAS DE VIAJES","AGENCIAS DE VIAJES Y DE TURISMO","0","0","8","2019"
"1810","ACTIVO","HOTEL EL BELVEDERE","BOGOTA","11","BOGOTA D.C.","11001","860059061","ESTABLECIMIENTOS DE ALOJAMIENTO TURÍSTICO","HOTEL","39","55","10","2019"
"1816","ACTIVO","GRAN HOTEL BUENAVENTURA S.A.S.","VALLE DEL CAUCA","76","BUENAVENTURA","76109","835001744","ESTABLECIMIENTOS DE ALOJAMIENTO TURÍSTICO","HOTEL","24","30","6","2019"
"1831","ACTIVO","HOTEL TOBACA","BOYACA","15","SOGAMOSO","15759","900234170","ESTABLECIMIENTOS DE ALOJAMIENTO TURÍSTICO","HOTEL","35","65","5","2019"
"1835","ACTIVO","VIAJES DEL COMERCIO","BOGOTA","11","BOGOTA D.C.","11001","800110451","AGENCIAS DE VIAJES","AGENCIAS DE VIAJES Y DE TURISMO","0","0","9","2019"
"1850","ACTIVO","NAVARRETE ERASO LTDA HOTEL GALERIAS","NARIÑO","52","PASTO","52001","98381134","ESTABLECIMIENTOS DE ALOJAMIENTO TURÍSTICO","HOTEL","28","47","7","2019"
"1860","ACTIVO","HOTEL LANCEROS DE COLSUBSIDIO","BOYACA","15","PAIPA","15516","860007336","ESTABLECIMIENTOS DE ALOJAMIENTO TURÍSTICO","HOTEL","88","332","85","2019"
"1874","ACTIVO","HOTEL COLONIAL DE COLSUBSIDIO","BOYACA","15","PAIPA","15516","860007336","ESTABLECIMIENTOS DE ALOJAMIENTO TURÍSTICO","HOTEL","39","271","90","2019"
"1909","ACTIVO","AGENCIA DE VIAJES COMFENALCO","ANTIOQUIA","5","MEDELLIN","5001","890900842","AGENCIAS DE VIAJES","AGENCIAS DE VIAJES Y DE TURISMO","0","0","12","2019"
"1913","ACTIVO","HOSTERIA LOS FARALLONES","ANTIOQUIA","5","LA PINTADA","5390","890900842","ESTABLECIMIENTOS DE ALOJAMIENTO TURÍSTICO","HOTEL","48","159","38","2019"
"1914","ACTIVO","CONSTRUCTORA BOLIVAR S.A. SANTA MARTA","MAGDALENA","47","SANTA MARTA","47001","860513493","EMPRESAS DE TIEMPO COMPARTIDO Y MULTIPROPIEDAD","PROMOTORA Y COMERCIALIZADORA","0","0","10","2019"
"1922","ACTIVO","PARQUE ECOLOGICO PIEDRAS BLANCAS","ANTIOQUIA","5","MEDELLIN","5001","890900842","ESTABLECIMIENTOS DE ALOJAMIENTO TURÍSTICO","HOTEL","24","72","49","2019"
"1939","ACTIVO","CAJA DE COMPENSACION FAMILIAR DEL CESAR - COMFACESAR","CESAR","20","VALLEDUPAR","20001","892399989","OFICINAS DE REPRESENTACION TURÍSTICA","OFICINA DE REPRESENTACIÓN TURÍSTICA","0","0","3","2019"
"1942","ACTIVO","CISPATA PROMOTORA HOTELERA","CORDOBA","23","SAN ANTERO","23672","811005863","EMPRESAS DE TIEMPO COMPARTIDO Y MULTIPROPIEDAD","PROMOTORA","0","0","13","2019"
"1971","ACTIVO","HOTEL NOVA PARK","ARAUCA","81","ARAUCA","81001","24239911","ESTABLECIMIENTOS DE ALOJAMIENTO TURÍSTICO","HOTEL","27","48","9","2019"
"1972","ACTIVO","TRAVITUR","BOGOTA","11","BOGOTA D.C.","11001","830012725","AGENCIAS DE VIAJES","AGENCIAS DE VIAJES Y DE TURISMO","0","0","3","2019"
"2002","ACTIVO","CENTRO DE CONVENCIONES ANAS MAI","GUAJIRA","44","RIOHACHA","44001","892115006","OPERADORES PROFESIONALES DE CONGRESOS, FERIAS Y CONVENCIONES","OPERADORES PROFESIONALES DE CONGRESOS, FERIAS Y CONVENCIONES","0","0","36","2019"
"2009","ACTIVO","HOTEL PANORAMA","SUCRE","70","SINCELEJO","70001","892201021","ESTABLECIMIENTOS DE ALOJAMIENTO TURÍSTICO","HOTEL","47","87","12","2019"
"2015","ACTIVO","HOTEL CARRETERO","CALDAS","17","MANIZALES","17001","890804955","ESTABLECIMIENTOS DE ALOJAMIENTO TURÍSTICO","HOTEL","100","164","25","2019"
"2051","ACTIVO","HOTEL DEL NORTE","ATLANTICO","8","BARRANQUILLA","8001","32670999","ESTABLECIMIENTOS DE ALOJAMIENTO TURÍSTICO","HOTEL","22","35","6","2019"
"2070","ACTIVO","HOTEL GRANADA","SANTANDER","68","BUCARAMANGA","68001","63448288","ESTABLECIMIENTOS DE ALOJAMIENTO TURÍSTICO","HOTEL","21","43","5","2019"
"2071","ACTIVO","HOTEL PUERTA DEL SOL","CAUCA","19","POPAYAN","19001","34533294","ESTABLECIMIENTOS DE ALOJAMIENTO TURÍSTICO","HOTEL","11","20","3","2019"
"2087","ACTIVO","HOTEL GRAN COLOMBIA","CAUCA","19","POPAYAN","19001","40760501","ESTABLECIMIENTOS DE ALOJAMIENTO TURÍSTICO","HOTEL","26","37","7","2019"
"2107","ACTIVO","CENTRO VACACIONAL LA ROCHELA CONFAMILIARES","CALDAS","17","PALESTINA","17524","890806490","ESTABLECIMIENTOS DE ALOJAMIENTO TURÍSTICO","APARTAHOTEL","81","477","86","2019"
"2122","ACTIVO","HOTEL SOL CARIBE SAN ANDRES","SAN ANDRES Y PROVIDENCIA","88","SAN ANDRES","88001","800156664","ESTABLECIMIENTOS DE ALOJAMIENTO TURÍSTICO","HOTEL","219","526","155","2019"
"2140","ACTIVO","CENTRO VACACIONAL SANTAGUEDA","CALDAS","17","PALESTINA","17524","890806490","ESTABLECIMIENTOS DE ALOJAMIENTO TURÍSTICO","APARTAHOTEL","29","289","9","2019"
"2144","ACTIVO","CENTRO VACACIONAL EL BOSQUE","CALDAS","17","PENSILVANIA","17541","890806490","ESTABLECIMIENTOS DE ALOJAMIENTO TURÍSTICO","APARTAHOTEL","21","127","8","2019"
"2148","ACTIVO","HOTEL ARHUACO CENTRO DE NEGOCIOS","MAGDALENA","47","SANTA MARTA","47001","819001944","ESTABLECIMIENTOS DE ALOJAMIENTO TURÍSTICO","HOTEL","56","101","42","2019"
"2208","ACTIVO","HOTEL BOLIVAR","NORTE DE SANTANDER","54","CUCUTA","54001","890930668","ESTABLECIMIENTOS DE ALOJAMIENTO TURÍSTICO","HOTEL","127","254","32","2019"
"2209","ACTIVO","MORENO TOURS LTDA","BOGOTA","11","BOGOTA D.C.","11001","800220716","AGENCIAS DE VIAJES","AGENCIAS DE VIAJES Y DE TURISMO","0","0","1","2019"
"2212","ACTIVO","SERVICIOS TURISTICOS Y DE FIESTAS.-FIESTA TOURS.-","BOLIVAR","13","CARTAGENA","13001","800042692","AGENCIAS DE VIAJES","AGENCIAS DE VIAJES OPERADORAS","0","0","5","2019"
"2226","ACTIVO","HOTEL EXCELSIOR","BOGOTA","11","BOGOTA D.C.","11001","800006632","ESTABLECIMIENTOS DE ALOJAMIENTO TURÍSTICO","HOTEL","24","34","21","2019"
"2284","ACTIVO","TRAVEL & TRAVEL LIMITADA","QUINDIO","63","ARMENIA","63001","801000684","AGENCIAS DE VIAJES","AGENCIAS DE VIAJES Y DE TURISMO","0","0","3","2019"
"2289","ACTIVO","HOTEL ALMIRANTE PADILLA RIOHACHA","GUAJIRA","44","RIOHACHA","44001","40913751","ESTABLECIMIENTOS DE ALOJAMIENTO TURÍSTICO","HOTEL","58","130","3","2019"
"2296","ACTIVO","HOTEL DANN CARLTON BUCARAMANGA","SANTANDER","68","BUCARAMANGA","68001","800180375","ESTABLECIMIENTOS DE ALOJAMIENTO TURÍSTICO","HOTEL","135","165","119","2019"
"2301","ACTIVO","HOTEL PORTON MEDELLIN","ANTIOQUIA","5","MEDELLIN","5001","800174135","ESTABLECIMIENTOS DE ALOJAMIENTO TURÍSTICO","HOTEL","80","98","40","2019"
"2377","ACTIVO","HOTEL DANN CALI","VALLE DEL CAUCA","76","CALI","76001","890312688","ESTABLECIMIENTOS DE ALOJAMIENTO TURÍSTICO","HOTEL","90","135","18","2019"
"2385","ACTIVO","CIRCUITOS TURISTICOS","BOGOTA","11","BOGOTA D.C.","11001","860028438","AGENCIAS DE VIAJES","AGENCIAS DE VIAJES Y DE TURISMO","0","0","6","2019"
"2388","ACTIVO","CABAÃ‘AS RELAX","SAN ANDRES Y PROVIDENCIA","88","PROVIDENCIA","88564","4034882","ESTABLECIMIENTOS DE ALOJAMIENTO TURÍSTICO","HOTEL","8","14","2","2019"
"2395","ACTIVO","INVERSIONES UNIVIAJES","ANTIOQUIA","5","MEDELLIN","5001","800175788","AGENCIAS DE VIAJES","AGENCIAS DE VIAJES Y DE TURISMO","0","0","15","2019"
"2406","ACTIVO","HOTEL LOS FARAONES LTDA","VALLE DEL CAUCA","76","BUGA","76111","891304434","ESTABLECIMIENTOS DE ALOJAMIENTO TURÍSTICO","HOTEL","38","60","5","2019"
"2413","ACTIVO","HOTEL LOS FAROLES","VALLE DEL CAUCA","76","BUGA","76111","21225997","ESTABLECIMIENTOS DE ALOJAMIENTO TURÍSTICO","HOTEL","12","30","1","2019"
"2428","ACTIVO","HOTEL EDMAR","MAGDALENA","47","SANTA MARTA","47001","800032691","ESTABLECIMIENTOS DE ALOJAMIENTO TURÍSTICO","HOTEL","47","140","11","2019"
"2434","ACTIVO","ALL REPS LTDA.","BOGOTA","11","BOGOTA D.C.","11001","830000800","AGENCIAS DE VIAJES","AGENCIAS DE VIAJES Y DE TURISMO","0","0","28","2019"
"2439","ACTIVO","HOTEL COSMOS 100","BOGOTA","11","BOGOTA D.C.","11001","860048182","ESTABLECIMIENTOS DE ALOJAMIENTO TURÍSTICO","HOTEL","199","283","242","2019"
"2536","ACTIVO","HOTEL BOLIVAR","CALDAS","17","MANIZALES","17001","1053846256","ESTABLECIMIENTOS DE ALOJAMIENTO TURÍSTICO","HOTEL","16","26","4","2019"
"2538","ACTIVO","HOTEL PLAYA DE ORO","CHOCO","27","BAHIA SOLANO","27075","891600133","ESTABLECIMIENTOS DE ALOJAMIENTO TURÍSTICO","HOTEL","28","70","5","2019"
"2563","ACTIVO","RESIDENCIAS ROKASOL","CALDAS","17","MANIZALES","17001","45504418","ESTABLECIMIENTOS DE ALOJAMIENTO TURÍSTICO","HOTEL","42","83","11","2019"
"2567","ACTIVO","TACARCUNA LODGE","CHOCO","27","ACANDI","27006","891600133","ESTABLECIMIENTOS DE ALOJAMIENTO TURÍSTICO","HOTEL","35","100","7","2019"
"2570","ACTIVO","HOTEL CASA VALENCIA","CALDAS","17","MANIZALES","17001","24288666","ESTABLECIMIENTOS DE ALOJAMIENTO TURÍSTICO","HOTEL","18","23","3","2019"
"2599","ACTIVO","HOTEL JESSICA","GUAJIRA","44","RIOHACHA","44001","26957879","ESTABLECIMIENTOS DE ALOJAMIENTO TURÍSTICO","HOTEL","35","80","5","2019"
"2605","ACTIVO","HOTEL LA MAKUIRA","GUAJIRA","44","RIOHACHA","44001","40913945","ESTABLECIMIENTOS DE ALOJAMIENTO TURÍSTICO","HOTEL","16","36","3","2019"
"2608","ACTIVO","HOTEL LAS VEGAS","GUAJIRA","44","RIOHACHA","44001","40913945","ESTABLECIMIENTOS DE ALOJAMIENTO TURÍSTICO","HOTEL","18","37","4","2019"
"2613","ACTIVO","POSADA DE LOS ANGELES","BOYACA","15","VILLA DE LEYVA","15407","23601356","ESTABLECIMIENTOS DE ALOJAMIENTO TURÍSTICO","HOTEL","8","12","1","2019"
"2640","ACTIVO","HOTEL ACANDI","TOLIMA","73","IBAGUE","73001","900534368","ESTABLECIMIENTOS DE ALOJAMIENTO TURÍSTICO","HOTEL","36","60","9","2019"
"2647","ACTIVO","HOSTERIA MATAMUNDO (EN ARRENDAMIENTO)","HUILA","41","NEIVA","41001","12109246","ESTABLECIMIENTOS DE ALOJAMIENTO TURÍSTICO","HOTEL","22","39","2","2019"
"2769","ACTIVO","HOTEL VILLA MARITZA","TOLIMA","73","MELGAR","73449","860515225","ESTABLECIMIENTOS DE ALOJAMIENTO TURÍSTICO","HOTEL","40","68","10","2019"
"2788","ACTIVO","HOTEL ASTURIAS","SANTANDER","68","BUCARAMANGA","68001","804015630","ESTABLECIMIENTOS DE ALOJAMIENTO TURÍSTICO","HOTEL","29","61","7","2019"
"2823","ACTIVO","CREPES Y WAFFLES CENTRO HISTORICO","BOLIVAR","13","CARTAGENA","13001","806014415","ESTABLECIMIENTOS DE GASTRONOMÍA Y SIMILARES","RESTAURANTES","0","0","56","2019"
"2831","ACTIVO","HOTEL PIAZA","VALLE DEL CAUCA","76","BUGA","76111","3297578","ESTABLECIMIENTOS DE ALOJAMIENTO TURÍSTICO","HOTEL","14","35","2","2019"
"2843","ACTIVO","HOTEL ALCARRAZA CHIQUINQUIRA","BOYACA","15","CHIQUINQUIRA","15176","7306568","ESTABLECIMIENTOS DE ALOJAMIENTO TURÍSTICO","HOTEL","30","34","1","2019"
"2845","ACTIVO","HOTEL YULDAMA RODADERO INN","MAGDALENA","47","SANTA MARTA","47001","891701538","ESTABLECIMIENTOS DE ALOJAMIENTO TURÍSTICO","HOTEL","88","171","14","2019"
"2853","ACTIVO","HOTEL YULDAMA (SANTA MARTA)","MAGDALENA","47","SANTA MARTA","47001","891701538","ESTABLECIMIENTOS DE ALOJAMIENTO TURÍSTICO","HOTEL","54","123","6","2019"
"2863","ACTIVO","HOTEL DE PEREIRA & CENTRO DE CONVENCIONES","RISARALDA","66","PEREIRA","66001","900521807","ESTABLECIMIENTOS DE ALOJAMIENTO TURÍSTICO","HOTEL","202","281","144","2019"
"2882","ACTIVO","COMPENSAR EVENTOS","BOGOTA","11","BOGOTA D.C.","11001","860066942","OPERADORES PROFESIONALES DE CONGRESOS, FERIAS Y CONVENCIONES","OPERADORES PROFESIONALES DE CONGRESOS, FERIAS Y CONVENCIONES","0","0","55","2019"
"2955","ACTIVO","CASA DEL TURISMO","VALLE DEL CAUCA","76","CALI","76001","805015012","AGENCIAS DE VIAJES","AGENCIAS DE VIAJES Y DE TURISMO","0","0","1","2019"
"2967","ACTIVO","HOTEL DISCOTECA EL BOSQUE","TOLIMA","73","MELGAR","73449","901080430","ESTABLECIMIENTOS DE ALOJAMIENTO TURÍSTICO","HOTEL","32","57","11","2019"
"2984","ACTIVO","HOSTERIA MIS ANCESTROS","ANTIOQUIA","5","SANTAFÃ‰ DE ANTIOQUIA","5042","811003784","ESTABLECIMIENTOS DE ALOJAMIENTO TURÍSTICO","HOTEL","23","80","6","2019"
"3041","ACTIVO","HOSTERIA DE LA PLAZA MENOR","ANTIOQUIA","5","SANTAFÃ‰ DE ANTIOQUIA","5042","800229325","ESTABLECIMIENTOS DE ALOJAMIENTO TURÍSTICO","HOTEL","18","42","11","2019"
"3051","ACTIVO","HOTEL OCETA","BOYACA","15","TUNJA","15001","52618310","ESTABLECIMIENTOS DE ALOJAMIENTO TURÍSTICO","HOTEL","27","36","3","2019"
"3076","ACTIVO","CABAÃ‘AS MISS MARY","SAN ANDRES Y PROVIDENCIA","88","PROVIDENCIA","88564","73071931","ESTABLECIMIENTOS DE ALOJAMIENTO TURÍSTICO","HOTEL","8","14","4","2019"
"3089","ACTIVO","HOTEL ROYAL","RISARALDA","66","PEREIRA","66001","1127240131","ESTABLECIMIENTOS DE ALOJAMIENTO TURÍSTICO","HOTEL","24","40","2","2019"
"3116","ACTIVO","REMANSO HOTEL","TOLIMA","73","MARIQUITA","73443","39703836","ESTABLECIMIENTOS DE ALOJAMIENTO TURÍSTICO","HOTEL","25","34","6","2019"
"3141","ACTIVO","HOTEL PANAMERICANO","SUCRE","70","SINCELEJO","70001","23170017","ESTABLECIMIENTOS DE ALOJAMIENTO TURÍSTICO","HOTEL","30","45","3","2019"
"3171","ACTIVO","HOSPEDAJE SAVOY","TOLIMA","73","MARIQUITA","73443","28836110","ESTABLECIMIENTOS DE ALOJAMIENTO TURÍSTICO","HOTEL","11","18","3","2019"
"3190","ACTIVO","AGRITURISMO Y PAISAJE","QUINDIO","63","LA TEBAIDA","63401","7511565","AGENCIAS DE VIAJES","AGENCIAS DE VIAJES Y DE TURISMO","0","0","2","2019"
"3213","ACTIVO","PALOMARES TOURS","ANTIOQUIA","5","MEDELLIN","5001","800250590","AGENCIAS DE VIAJES","AGENCIAS DE VIAJES Y DE TURISMO","0","0","13","2019"
"3216","ACTIVO","HOTEL DECAMERON","BOLIVAR","13","CARTAGENA","13001","890402766","ESTABLECIMIENTOS DE ALOJAMIENTO TURÍSTICO","HOTEL","280","376","319","2019"
"3218","ACTIVO","HOTEL DECAMERON SAN ANDRES MAR AZUL","SAN ANDRES Y PROVIDENCIA","88","SAN ANDRES","88001","806000179","ESTABLECIMIENTOS DE ALOJAMIENTO TURÍSTICO","HOTEL","128","242","255","2019"
"3220","ACTIVO","HOTELES DECAMERON COLOMBIA S.A.S. HOTEL DECAMERON GALEON SUCURSAL SANTA MARTA","MAGDALENA","47","SANTA MARTA","47001","806000179","ESTABLECIMIENTOS DE ALOJAMIENTO TURÍSTICO","HOTEL","232","740","200","2019"
"3224","ACTIVO","TURISMO JALLER RAAD LTDA.","ATLANTICO","8","BARRANQUILLA","8001","890108948","AGENCIAS DE VIAJES","AGENCIAS DE VIAJES Y DE TURISMO","0","0","14","2019"
"3228","ACTIVO","PASSAROLA TOURS","BOGOTA","11","BOGOTA D.C.","11001","860074319","AGENCIAS DE VIAJES","AGENCIAS DE VIAJES Y DE TURISMO","0","0","1","2019"
"3266","ACTIVO","HOTEL CAMINO REAL","CAUCA","19","POPAYAN","19001","10516053","ESTABLECIMIENTOS DE ALOJAMIENTO TURÍSTICO","HOTEL","28","49","23","2019"
"3269","ACTIVO","VIAJES EUPACLA OVIEDO L'ALIANXA","ANTIOQUIA","5","MEDELLIN","5001","890931046","AGENCIAS DE VIAJES","AGENCIAS DE VIAJES Y DE TURISMO","0","0","5","2019"
"3272","ACTIVO","PAIPA TOURS","BOYACA","15","PAIPA","15516","800088940","AGENCIAS DE VIAJES","AGENCIAS DE VIAJES Y DE TURISMO","0","0","13","2019"
"3285","ACTIVO","GLOBAL TOURS","BOGOTA","11","BOGOTA D.C.","11001","800211629","AGENCIAS DE VIAJES","AGENCIAS DE VIAJES Y DE TURISMO","0","0","1","2019"
"3288","ACTIVO","HOTEL HAMILTON COURT","BOGOTA","11","BOGOTA D.C.","11001","830146209","ESTABLECIMIENTOS DE ALOJAMIENTO TURÍSTICO","HOTEL","41","47","10","2019"
"3297","ACTIVO","VIAJES HELITUR LIMITADA","VALLE DEL CAUCA","76","TULUA","76834","891900826","AGENCIAS DE VIAJES","AGENCIAS DE VIAJES Y DE TURISMO","0","0","5","2019"
"3305","ACTIVO","HOTEL EL DORADO-EXPLOTACION","SAN ANDRES Y PROVIDENCIA","88","SAN ANDRES","88001","15242700","ESTABLECIMIENTOS DE ALOJAMIENTO TURÍSTICO","HOTEL","63","163","80","2019"
"3306","ACTIVO","LUKAS HOTEL","ANTIOQUIA","5","MEDELLIN","5001","1017125584","ESTABLECIMIENTOS DE ALOJAMIENTO TURÍSTICO","HOTEL","26","38","10","2019"
"3312","ACTIVO","N H ROYAL LA BOHEME","BOGOTA","11","BOGOTA D.C.","11001","800087204","ESTABLECIMIENTOS DE ALOJAMIENTO TURÍSTICO","HOTEL","66","72","30","2019"
"3313","ACTIVO","HOTEL BOGOTA PLAZA","BOGOTA","11","BOGOTA D.C.","11001","860046192","ESTABLECIMIENTOS DE ALOJAMIENTO TURÍSTICO","HOTEL","193","274","168","2019"
"3314","ACTIVO","HOTEL ESTELAR SUITES JONES","BOGOTA","11","BOGOTA D.C.","11001","890304099","ESTABLECIMIENTOS DE ALOJAMIENTO TURÍSTICO","HOTEL","92","127","73","2019"
"3316","ACTIVO","HOTEL EL RECUERDO POPAYAN","CAUCA","19","POPAYAN","19001","34320874","ESTABLECIMIENTOS DE ALOJAMIENTO TURÍSTICO","HOTEL","20","37","7","2019"
"3320","ACTIVO","EXPRESO VIAJES Y TURISMO EXPRESO","BOGOTA","11","BOGOTA D.C.","11001","800206979","AGENCIAS DE VIAJES","AGENCIAS DE VIAJES Y DE TURISMO","0","0","5","2019"
"3333","ACTIVO","RECEPTOUR DEL CARIBE","SAN ANDRES Y PROVIDENCIA","88","SAN ANDRES","88001","892400201","AGENCIAS DE VIAJES","AGENCIAS DE VIAJES Y DE TURISMO","0","0","17","2019"
"3339","ACTIVO","HOTEL ANDINO","SANTANDER","68","BUCARAMANGA","68001","900430651","ESTABLECIMIENTOS DE ALOJAMIENTO TURÍSTICO","HOTEL","73","123","18","2019"
"3359","ACTIVO","HOTEL SOL CARIBE CAMPO","SAN ANDRES Y PROVIDENCIA","88","SAN ANDRES","88001","800156664","ESTABLECIMIENTOS DE ALOJAMIENTO TURÍSTICO","HOTEL","212","471","133","2019"
"3377","ACTIVO","HOTEL LAS AMERICAS","BOLIVAR","13","CARTAGENA","13001","890404389","ESTABLECIMIENTOS DE ALOJAMIENTO TURÍSTICO","HOTEL","530","924","617","2019"
"3380","ACTIVO","RAFAEL ESPINOSA G & CIA","BOLIVAR","13","CARTAGENA","13001","800202447","OFICINAS DE REPRESENTACION TURÍSTICA","OFICINA DE REPRESENTACIÓN TURÍSTICA","0","0","297","2019"
"3382","ACTIVO","VIAJES VERACRUZ L'ALIANXA S.A CENTRO AUTOMOTRIZ","ANTIOQUIA","5","MEDELLIN","5001","890908099","AGENCIAS DE VIAJES","AGENCIAS DE VIAJES Y DE TURISMO","0","0","6","2019"
"3398","ACTIVO","VIAJES EJECUTIVOS-RECREACIONALES-V.E.R.","BOGOTA","11","BOGOTA D.C.","11001","860501556","AGENCIAS DE VIAJES","AGENCIAS DE VIAJES Y DE TURISMO","0","0","1","2019"
"3399","ACTIVO","AGENCIA DE VIAJES VANI","RISARALDA","66","PEREIRA","66001","891410476","AGENCIAS DE VIAJES","AGENCIAS DE VIAJES Y DE TURISMO","0","0","7","2019"
"3400","ACTIVO","TURISMO DEL MORROSQUILLO LTDA.","SUCRE","70","SINCELEJO","70001","892200231","AGENCIAS DE VIAJES","AGENCIAS DE VIAJES Y DE TURISMO","0","0","1","2019"
"3402","ACTIVO","HOTEL SUAMOX","BOGOTA","11","BOGOTA D.C.","11001","860042526","ESTABLECIMIENTOS DE ALOJAMIENTO TURÍSTICO","HOTEL","45","93","11","2019"
"3408","ACTIVO","HOTEL TOCAREMA - SOCIEDAD HOTELERA LAS ACACIAS S.A.","CUNDINAMARCA","25","GIRARDOT","25307","900371775","ESTABLECIMIENTOS DE ALOJAMIENTO TURÍSTICO","HOTEL","150","300","1","2019"
"3422","ACTIVO","FASEVIAJES","CORDOBA","23","MONTERIA","23001","891001899","AGENCIAS DE VIAJES","AGENCIAS DE VIAJES Y DE TURISMO","0","0","6","2019"
"3430","ACTIVO","ALVARO VELEZ AGENCIA DE VIAJES","BOGOTA","11","BOGOTA D.C.","11001","860510431","AGENCIAS DE VIAJES","AGENCIAS DE VIAJES MAYORISTAS","0","0","18","2019"
"3434","ACTIVO","DUQUES TOURS LTDA","VALLE DEL CAUCA","76","CALI","76001","800198179","AGENCIAS DE VIAJES","AGENCIAS DE VIAJES MAYORISTAS","0","0","12","2019"
"3436","ACTIVO","HOTEL CASABLANCA","SAN ANDRES Y PROVIDENCIA","88","SAN ANDRES","88001","890304684","ESTABLECIMIENTOS DE ALOJAMIENTO TURÍSTICO","HOTEL","89","170","162","2019"
"3487","ACTIVO","VIAJES CELTOUR","BOGOTA","11","BOGOTA D.C.","11001","900459841","AGENCIAS DE VIAJES","AGENCIAS DE VIAJES MAYORISTAS","0","0","1","2019"
"3495","ACTIVO","VIAJES Y TURISMO TUMACO Y CIA LTDA","NARIÑO","52","TUMACO","52835","814000089","AGENCIAS DE VIAJES","AGENCIAS DE VIAJES Y DE TURISMO","0","0","1","2019"
"3496","ACTIVO","HOTEL SOCHAGOTA","BOYACA","15","PAIPA","15516","826003171","ESTABLECIMIENTOS DE ALOJAMIENTO TURÍSTICO","HOTEL","61","167","87","2019"
"3554","ACTIVO","HOTEL FAMILIAR EL JARDIN","HUILA","41","SAN AGUSTIN","41668","36270047","ESTABLECIMIENTOS DE ALOJAMIENTO TURÍSTICO","HOTEL","5","18","1","2019"
"3568","ACTIVO","LEBLON SUITES","ANTIOQUIA","5","MEDELLIN","5001","811005803","ESTABLECIMIENTOS DE ALOJAMIENTO TURÍSTICO","HOTEL","38","85","29","2019"
"3575","ACTIVO","HOTEL SANVALAY INN","TOLIMA","73","MELGAR","73449","860400872","ESTABLECIMIENTOS DE ALOJAMIENTO TURÍSTICO","HOTEL","40","136","10","2019"
"3581","ACTIVO","HOTEL MARANDUA","RISARALDA","66","PEREIRA","66001","66682667","ESTABLECIMIENTOS DE ALOJAMIENTO TURÍSTICO","HOTEL","39","81","6","2019"
"3583","ACTIVO","HOTEL SULICAM","HUILA","41","NEIVA","41001","900501029","ESTABLECIMIENTOS DE ALOJAMIENTO TURÍSTICO","HOTEL","49","118","20","2019"
"3584","ACTIVO","HOTEL MORRISON","BOGOTA","11","BOGOTA D.C.","11001","800213569","ESTABLECIMIENTOS DE ALOJAMIENTO TURÍSTICO","HOTEL","62","84","40","2019"
"3597","ACTIVO","HOTEL DORADO PLAZA","BOYACA","15","TUNJA","15001","23259453","ESTABLECIMIENTOS DE ALOJAMIENTO TURÍSTICO","HOTEL","24","45","1","2019"
"3599","ACTIVO","HOTEL LA POSADA","BOYACA","15","PAIPA","15516","41317839","ESTABLECIMIENTOS DE ALOJAMIENTO TURÍSTICO","HOTEL","14","28","1","2019"
"3602","ACTIVO","HOTEL LA BALLENA AZUL","MAGDALENA","47","SANTA MARTA","47001","819001001","ESTABLECIMIENTOS DE ALOJAMIENTO TURÍSTICO","HOTEL","33","98","30","2019"
"3608","ACTIVO","HOTEL LADY DI","NORTE DE SANTANDER","54","CUCUTA","54001","1090393472","ESTABLECIMIENTOS DE ALOJAMIENTO TURÍSTICO","HOTEL","28","28","1","2019"
"3624","ACTIVO","HOTEL CAPRI CENTRO DE CONVENCIONES","ARAUCA","81","ARAUCA","81001","901040204","ESTABLECIMIENTOS DE ALOJAMIENTO TURÍSTICO","HOTEL","48","88","12","2019"
"3639","ACTIVO","HOTEL BAROEE","CAUCA","19","POPAYAN","19001","76314772","ESTABLECIMIENTOS DE ALOJAMIENTO TURÍSTICO","HOTEL","14","16","2","2019"
"3650","ACTIVO","HOTEL VIENA.","BOLIVAR","13","CARTAGENA","13001","45693082","ESTABLECIMIENTOS DE ALOJAMIENTO TURÍSTICO","HOTEL","10","23","1","2019"
"3659","ACTIVO","HOTEL TERMALES EL BATAN","BOYACA","15","CUITIVA","15226","826001081","ESTABLECIMIENTOS DE ALOJAMIENTO TURÍSTICO","HOSTAL","32","65","16","2019"
"3665","ACTIVO","HOTEL SICARARE","CESAR","20","VALLEDUPAR","20001","891700375","ESTABLECIMIENTOS DE ALOJAMIENTO TURÍSTICO","HOTEL","49","150","33","2019"
"3675","ACTIVO","HOTEL SAN FERMIN LIMITADA","RISARALDA","66","PEREIRA","66001","816002285","ESTABLECIMIENTOS DE ALOJAMIENTO TURÍSTICO","HOTEL","22","34","6","2019"
"3695","ACTIVO","GRAN HOTEL EL VIAJERO","SANTANDER","68","SAN GIL","68679","13540733","ESTABLECIMIENTOS DE ALOJAMIENTO TURÍSTICO","HOTEL","36","71","9","2019"
"3701","ACTIVO","CASA SANTA MONICA SU HOGAR EN CALI","VALLE DEL CAUCA","76","CALI","76001","800168322","ESTABLECIMIENTOS DE ALOJAMIENTO TURÍSTICO","HOTEL","23","35","6","2019"
"3723","ACTIVO","RESTAURANTE CHEF JULIAN.","BOLIVAR","13","CARTAGENA","13001","800084809","ESTABLECIMIENTOS DE GASTRONOMÍA Y SIMILARES","BAR","0","0","12","2019"
"3735","ACTIVO","GRAN HOTEL","ANTIOQUIA","5","MEDELLIN","5001","890934034","ESTABLECIMIENTOS DE ALOJAMIENTO TURÍSTICO","HOTEL","108","288","82","2019"
"3767","ACTIVO","PROMOTORA HOTELERA Y TURISTICA LA TRIADA","SANTANDER","68","BUCARAMANGA","68001","804000561","ESTABLECIMIENTOS DE ALOJAMIENTO TURÍSTICO","HOTEL","59","103","15","2019"
"3770","ACTIVO","HOTEL YURUPARI","GUAVIARE","95","SAN JOSE DEL GUAVIARE","95001","20079832","ESTABLECIMIENTOS DE ALOJAMIENTO TURÍSTICO","HOTEL","22","29","2","2019"
"3840","ACTIVO","KOKORIKO","ANTIOQUIA","5","MEDELLIN","5001","891401781","ESTABLECIMIENTOS DE GASTRONOMÍA Y SIMILARES","RESTAURANTES","0","0","19","2019"
"3857","ACTIVO","TOUREXITO S A S","BOGOTA","11","BOGOTA D.C.","11001","800169519","AGENCIAS DE VIAJES","AGENCIAS DE VIAJES Y DE TURISMO","0","0","44","2019"
"3865","ACTIVO","LANCASTER HOUSE CORPHOTELES","BOGOTA","11","BOGOTA D.C.","11001","830084039","ESTABLECIMIENTOS DE ALOJAMIENTO TURÍSTICO","HOTEL","55","130","50","2019"
"3869","ACTIVO","HOTEL PRINCIPE","VALLE DEL CAUCA","76","TULUA","76834","891901471","ESTABLECIMIENTOS DE ALOJAMIENTO TURÍSTICO","HOTEL","30","56","13","2019"
"3872","ACTIVO","IROTAMA XXI - OPERACION HOTELERA","MAGDALENA","47","SANTA MARTA","47001","891700612","ESTABLECIMIENTOS DE ALOJAMIENTO TURÍSTICO","APARTAHOTEL","81","309","22","2019"
"3873","ACTIVO","HOTEL EL PORTAL DE LA CASONA","BOYACA","15","PAIPA","15516","46683560","ESTABLECIMIENTOS DE ALOJAMIENTO TURÍSTICO","HOTEL","12","34","1","2019"
"3880","ACTIVO","MTG VIAJES Y REPRESENTACIONES.COM LTDA","CUNDINAMARCA","25","CHIA","25175","900163877","OFICINAS DE REPRESENTACION TURÍSTICA","OFICINA DE REPRESENTACIÓN TURÍSTICA","0","0","3","2019"
"3885","ACTIVO","HOTEL GIRASOL","ATLANTICO","8","BARRANQUILLA","8001","72233383","ESTABLECIMIENTOS DE ALOJAMIENTO TURÍSTICO","HOTEL","38","46","1","2019"
"3894","ACTIVO","HOTELES CASA BLANCA S.A","NORTE DE SANTANDER","54","CUCUTA","54001","890505327","ESTABLECIMIENTOS DE ALOJAMIENTO TURÍSTICO","HOTEL","120","227","78","2019"
"3908","ACTIVO","CALPES S.A - HOTEL NEIVA PLAZA","HUILA","41","NEIVA","41001","900036523","ESTABLECIMIENTOS DE ALOJAMIENTO TURÍSTICO","HOTEL","87","155","49","2019"
"3913","ACTIVO","CENTRO RECREACIONAL UN SOL PARA TODOS COMFAMILIAR NARIÃ‘O","NARIÑO","52","CHACHAGUI","52240","891280008","ESTABLECIMIENTOS DE ALOJAMIENTO TURÍSTICO","HOTEL","77","339","62","2019"
"3917","ACTIVO","HOTEL CANCHALA","NARIÑO","52","PASTO","52001","27063832","ESTABLECIMIENTOS DE ALOJAMIENTO TURÍSTICO","HOTEL","40","70","10","2019"
"3918","ACTIVO","AGENCIA DE VIAJES HORIZONTES LIMITADA","SANTANDER","68","BUCARAMANGA","68001","890211129","AGENCIAS DE VIAJES","AGENCIAS DE VIAJES Y DE TURISMO","0","0","1","2019"
"3919","ACTIVO","KOKORIKO","ANTIOQUIA","5","RIONEGRO","5615","891401781","ESTABLECIMIENTOS DE GASTRONOMÍA Y SIMILARES","RESTAURANTES","0","0","10","2019"
"3922","ACTIVO","HOTEL DANN MONASTERIO","CAUCA","19","POPAYAN","19001","800180375","ESTABLECIMIENTOS DE ALOJAMIENTO TURÍSTICO","HOTEL","47","89","31","2019"
"3935","ACTIVO","BESTRAVEL SERVICE LTDA","BOGOTA","11","BOGOTA D.C.","11001","800226324","AGENCIAS DE VIAJES","AGENCIAS DE VIAJES Y DE TURISMO","0","0","51","2019"
"3945","ACTIVO","HOTEL CIUDAD BONITA","SANTANDER","68","BUCARAMANGA","68001","804015630","ESTABLECIMIENTOS DE ALOJAMIENTO TURÍSTICO","HOTEL","65","135","16","2019"
"3954","ACTIVO","CENTRO RECREATIVO Y VACACIONAL MESON DEL CUCHICUTE COMFENALCO SANTANDER","SANTANDER","68","PINCHOTE","68549","890201578","ESTABLECIMIENTOS DE ALOJAMIENTO TURÍSTICO","HOTEL","73","183","18","2019"
"3957","ACTIVO","HOTEL YARI","TOLIMA","73","MELGAR","73449","20041495","ESTABLECIMIENTOS DE ALOJAMIENTO TURÍSTICO","HOTEL","37","90","9","2019"
"3961","ACTIVO","PUNTO DE VENTAS SERVINCLUIDOS BOGOTA D.C. CONNECTA","BOGOTA","11","BOGOTA D.C.","11001","800230546","AGENCIAS DE VIAJES","AGENCIAS DE VIAJES Y DE TURISMO","0","0","25","2019"
"3965","ACTIVO","CAMINANTES VIAJES Y TURISMO","BOGOTA","11","BOGOTA D.C.","11001","800163829","AGENCIAS DE VIAJES","AGENCIAS DE VIAJES Y DE TURISMO","0","0","4","2019"
"3973","ACTIVO","VIAJES CALITOUR","BOGOTA","11","BOGOTA D.C.","11001","860450022","AGENCIAS DE VIAJES","AGENCIAS DE VIAJES Y DE TURISMO","0","0","22","2019"
"3975","ACTIVO","RICHMOND SUITES","BOGOTA","11","BOGOTA D.C.","11001","830005231","ESTABLECIMIENTOS DE ALOJAMIENTO TURÍSTICO","HOTEL","24","24","16","2019"
"3978","ACTIVO","HOTEL COSTA CARIBE 41","ATLANTICO","8","BARRANQUILLA","8001","72132355","ESTABLECIMIENTOS DE ALOJAMIENTO TURÍSTICO","HOTEL","35","45","2","2019"
"3981","ACTIVO","HOTEL COLONIAL IN","ATLANTICO","8","BARRANQUILLA","8001","72230753","ESTABLECIMIENTOS DE ALOJAMIENTO TURÍSTICO","HOTEL","28","36","1","2019"
"3986","ACTIVO","HOTEL SOL CARIBE PROVIDENCIA","SAN ANDRES Y PROVIDENCIA","88","PROVIDENCIA","88564","800156664","ESTABLECIMIENTOS DE ALOJAMIENTO TURÍSTICO","HOTEL","35","73","12","2019"
"3991","ACTIVO","TURISMOQUINDIO.COM","QUINDIO","63","ARMENIA","63001","890001768","AGENCIAS DE VIAJES","AGENCIAS DE VIAJES Y DE TURISMO","0","0","7","2019"
"3993","ACTIVO","TAMACA BEACH RESORT HOTEL","MAGDALENA","47","SANTA MARTA","47001","891701294","ESTABLECIMIENTOS DE ALOJAMIENTO TURÍSTICO","HOTEL","82","120","50","2019"
"3997","ACTIVO","VIAJES ZEPPELIN","BOGOTA","11","BOGOTA D.C.","11001","860054227","AGENCIAS DE VIAJES","AGENCIAS DE VIAJES Y DE TURISMO","0","0","36","2019"
"4001","ACTIVO","HOTEL CLUB EL NOGAL","BOGOTA","11","BOGOTA D.C.","11001","800180832","ESTABLECIMIENTOS DE ALOJAMIENTO TURÍSTICO","HOTEL","32","44","13","2019"
"4002","ACTIVO","VIAJES Y TURISMO MAR CARIBE LTDA.","SUCRE","70","SINCELEJO","70001","823000585","AGENCIAS DE VIAJES","AGENCIAS DE VIAJES Y DE TURISMO","0","0","1","2019"
"4007","ACTIVO","RUTAS & DESTINOS LTDA","CAQUETA","18","FLORENCIA","18001","828000728","AGENCIAS DE VIAJES","AGENCIAS DE VIAJES Y DE TURISMO","0","0","1","2019"
"4009","ACTIVO","VIAJEROS POR EL MUNDO PALMIRA","VALLE DEL CAUCA","76","PALMIRA","76520","815001761","AGENCIAS DE VIAJES","AGENCIAS DE VIAJES Y DE TURISMO","0","0","10","2019"
"4010","ACTIVO","MEGA VIAJES Y TURISMO LTDA","CUNDINAMARCA","25","ZIPAQUIRA","25899","832003139","AGENCIAS DE VIAJES","AGENCIAS DE VIAJES Y DE TURISMO","0","0","2","2019"
"4014","ACTIVO","HOTEL ALMIRANTE CARTAGENA COLOMBIA","BOLIVAR","13","CARTAGENA","13001","900475484","ESTABLECIMIENTOS DE ALOJAMIENTO TURÍSTICO","HOTEL","258","460","234","2019"
"4015","ACTIVO","HOTEL SEVILLA PLAZA","SANTANDER","68","BUCARAMANGA","68001","63511537","ESTABLECIMIENTOS DE ALOJAMIENTO TURÍSTICO","HOTEL","62","102","16","2019"
"4016","ACTIVO","HOTEL CASA REAL","CORDOBA","23","MONTERIA","23001","900199666","ESTABLECIMIENTOS DE ALOJAMIENTO TURÍSTICO","HOTEL","32","51","4","2019"
"4017","ACTIVO","HOTEL MAJAYURA","GUAJIRA","44","RIOHACHA","44001","825000262","ESTABLECIMIENTOS DE ALOJAMIENTO TURÍSTICO","HOTEL","36","104","9","2019"
"4019","ACTIVO","HOTEL SAN AGUSTIN DEL PASAJE","NARIÑO","52","PASTO","52001","30745655","ESTABLECIMIENTOS DE ALOJAMIENTO TURÍSTICO","HOTEL","28","46","2","2019"
"4021","ACTIVO","HOTEL LA PERLA MONTERIA","CORDOBA","23","MONTERIA","23001","1067950687","ESTABLECIMIENTOS DE ALOJAMIENTO TURÍSTICO","HOTEL","30","45","1","2019"
"4023","ACTIVO","HOTEL INTERAMERICANO","ATLANTICO","8","BARRANQUILLA","8001","22408067","ESTABLECIMIENTOS DE ALOJAMIENTO TURÍSTICO","HOTEL","39","52","3","2019"
"4024","ACTIVO","HOTEL KIMARI","CORDOBA","23","MONTERIA","23001","812001564","ESTABLECIMIENTOS DE ALOJAMIENTO TURÍSTICO","HOTEL","72","147","1","2019"
"4029","ACTIVO","HOTEL ALMIRANTE","SANTANDER","68","BUCARAMANGA","68001","63333878","ESTABLECIMIENTOS DE ALOJAMIENTO TURÍSTICO","HOTEL","32","40","8","2019"
"4034","ACTIVO","HACIENDA ECOHOTEL LOS LAGOS","RISARALDA","66","MARSELLA","66440","800193546","ESTABLECIMIENTOS DE ALOJAMIENTO TURÍSTICO","HOTEL","24","81","1","2019"
"4041","ACTIVO","HOTEL LUXOR HOTEL","NORTE DE SANTANDER","54","CUCUTA","54001","900581078","ESTABLECIMIENTOS DE ALOJAMIENTO TURÍSTICO","HOTEL","44","88","8","2019"
"4042","ACTIVO","HOTEL SAN ANTONIO PLAZA","VALLE DEL CAUCA","76","CALI","76001","14894508","ESTABLECIMIENTOS DE ALOJAMIENTO TURÍSTICO","HOTEL","23","29","6","2019"
"4046","ACTIVO","HOTEL EXELSIOR CAFE RESTAURANTE RANSIS","NORTE DE SANTANDER","54","CUCUTA","54001","900390620","ESTABLECIMIENTOS DE ALOJAMIENTO TURÍSTICO","HOTEL","25","43","1","2019"
"4054","ACTIVO","CASONA DEL PATIO","BOGOTA","11","BOGOTA D.C.","11001","860055004","ESTABLECIMIENTOS DE ALOJAMIENTO TURÍSTICO","HOTEL","24","68","11","2019"
"4061","ACTIVO","JIREH TRAVEL","ATLANTICO","8","BARRANQUILLA","8001","802006617","AGENCIAS DE VIAJES","AGENCIAS DE VIAJES Y DE TURISMO","0","0","28","2019"
"4067","ACTIVO","HOTEL CABAÃ‘A LOS ARRAYANES","BOYACA","15","MONIQUIRA","15469","860036130","ESTABLECIMIENTOS DE ALOJAMIENTO TURÍSTICO","HOTEL","40","98","1","2019"
"4071","ACTIVO","RUITOQUE GOLF COUNTRY CLUB","SANTANDER","68","PIEDECUESTA","68547","830514070","ESTABLECIMIENTOS DE ALOJAMIENTO TURÍSTICO","HOTEL","4","16","1","2019"
"4074","ACTIVO","HOTEL YIVINACA","ATLANTICO","8","BARRANQUILLA","8001","900753488","ESTABLECIMIENTOS DE ALOJAMIENTO TURÍSTICO","APARTAHOTEL","37","37","3","2019"
"4076","ACTIVO","TURISMO EL GLOBO","BOGOTA","11","BOGOTA D.C.","11001","860501921","AGENCIAS DE VIAJES","AGENCIAS DE VIAJES Y DE TURISMO","0","0","14","2019"
"4077","ACTIVO","HOTEL GUANE","SANTANDER","68","BUCARAMANGA","68001","901164806","ESTABLECIMIENTOS DE ALOJAMIENTO TURÍSTICO","HOTEL","50","80","13","2019"
"4088","ACTIVO","SUITES REAL 97","BOGOTA","11","BOGOTA D.C.","11001","860019004","ESTABLECIMIENTOS DE ALOJAMIENTO TURÍSTICO","APARTAHOTEL","66","132","14","2019"
"4090","ACTIVO","VIAJES DACAR - AGENCIA DE VIAJES MAYORISTA","NORTE DE SANTANDER","54","CUCUTA","54001","807003581","AGENCIAS DE VIAJES","AGENCIAS DE VIAJES MAYORISTAS","0","0","10","2019"
"4104","ACTIVO","LA MELISSA","CALDAS","17","LA DORADA","17380","31398514","ESTABLECIMIENTOS DE ALOJAMIENTO TURÍSTICO","HOTEL","39","63","48","2019"
"4109","ACTIVO","JLR OFI ATS","BOGOTA","11","BOGOTA D.C.","11001","830038520","EMPRESAS DE TIEMPO COMPARTIDO Y MULTIPROPIEDAD","PROMOTORA","0","0","1","2019"
"4111","ACTIVO","ESTACION TURISTICA BARRA LOS PINOS.","BOLIVAR","13","CARTAGENA","13001","17122833","AGENCIAS DE VIAJES","AGENCIAS DE VIAJES OPERADORAS","0","0","2","2019"
"4112","ACTIVO","HOTEL DEL TURISMO","RISARALDA","66","SANTA ROSA DE CABAL","66682","75090135","ESTABLECIMIENTOS DE ALOJAMIENTO TURÍSTICO","HOTEL","10","20","3","2019"
"4114","ACTIVO","HOTEL CASONA REAL","RISARALDA","66","SANTA ROSA DE CABAL","66682","25174859","ESTABLECIMIENTOS DE ALOJAMIENTO TURÍSTICO","HOTEL","12","24","3","2019"
"4115","ACTIVO","HOTEL HACIENDA BALANDU","ANTIOQUIA","5","JARDIN","5364","890900842","ESTABLECIMIENTOS DE ALOJAMIENTO TURÍSTICO","HOTEL","24","60","30","2019"
"4117","ACTIVO","CENTRO RECREACIONAL DOS QUEBRADAS","SANTANDER","68","SAN GIL","68679","5743550","ESTABLECIMIENTOS DE ALOJAMIENTO TURÍSTICO","HOTEL","25","69","6","2019"
"4118","ACTIVO","HOTEL MAGEBA","ANTIOQUIA","5","MEDELLIN","5001","32240364","ESTABLECIMIENTOS DE ALOJAMIENTO TURÍSTICO","HOTEL","30","48","1","2019"
"4122","ACTIVO","EQUIRENT MEDELLIN","ANTIOQUIA","5","MEDELLIN","5001","800204462","ARRENDADORES DE VEHÍCULOS PARA TURISMO NACIONAL E INTERNACIONAL","ARRENDADORES DE VEHICULOS PARA TURISMO NACIONAL E INTERNACIONAL","0","0","6","2019"
"4127","ACTIVO","CENTRO VACACIONAL LAGO CALIMA","VALLE DEL CAUCA","76","CALIMA (DARIEN)","76126","890303208","ESTABLECIMIENTOS DE ALOJAMIENTO TURÍSTICO","HOTEL","90","424","35","2019"
"4128","ACTIVO","HOTEL DE TURISMO DE SILVIA CAUCA","CAUCA","19","SILVIA","19743","890303208","ESTABLECIMIENTOS DE ALOJAMIENTO TURÍSTICO","HOTEL","27","67","4","2019"
"4131","ACTIVO","HOSTERIA COCONUCO","CAUCA","19","PURACE (COCONUCOS)","19585","890303208","ESTABLECIMIENTOS DE ALOJAMIENTO TURÍSTICO","HOTEL","35","88","6","2019"
"4140","ACTIVO","SANTUR L'ALIANXA","SANTANDER","68","BUCARAMANGA","68001","890203129","AGENCIAS DE VIAJES","AGENCIAS DE VIAJES Y DE TURISMO","0","0","1","2019"
"4152","ACTIVO","ECOHOTEL LA CASONA","RISARALDA","66","PEREIRA","66001","891412140","VIVIENDAS TURÍSTICAS","FINCAS TURÍSTICAS (ALOJAMIENTO RURAL)","29","95","0","2019"
"4154","ACTIVO","HOTEL GRANATE","MAGDALENA","47","SANTA MARTA","47001","12531606","ESTABLECIMIENTOS DE ALOJAMIENTO TURÍSTICO","HOTEL","23","39","3","2019"
"4155","ACTIVO","HOSTAL MODELIA","BOGOTA","11","BOGOTA D.C.","11001","41547273","ESTABLECIMIENTOS DE ALOJAMIENTO TURÍSTICO","HOSTAL","3","5","1","2019"
"4159","ACTIVO","STAR TOURS","VALLE DEL CAUCA","76","CALI","76001","805011999","AGENCIAS DE VIAJES","AGENCIAS DE VIAJES Y DE TURISMO","0","0","18","2019"
"4164","ACTIVO","MARRERO VIAJES Y TURISMO LTDA","BOGOTA","11","BOGOTA D.C.","11001","830008963","AGENCIAS DE VIAJES","AGENCIAS DE VIAJES Y DE TURISMO","0","0","1","2019"
"4165","ACTIVO","AEROVIAJES LUMAR LTDA","BOGOTA","11","BOGOTA D.C.","11001","830004565","AGENCIAS DE VIAJES","AGENCIAS DE VIAJES Y DE TURISMO","0","0","3","2019"
"4168","ACTIVO","VIAJES IBEROLUNA SAS","BOGOTA","11","BOGOTA D.C.","11001","830008421","AGENCIAS DE VIAJES","AGENCIAS DE VIAJES MAYORISTAS","0","0","19","2019"
"4173","ACTIVO","AGENCIA DE VIAJES Y TURISMO AVOLAR LTDA","SANTANDER","68","BUCARAMANGA","68001","804006941","AGENCIAS DE VIAJES","AGENCIAS DE VIAJES Y DE TURISMO","0","0","1","2019"
"4175","ACTIVO","HOSPEDERIA CASA FAMILIAR","MAGDALENA","47","SANTA MARTA","47001","19190871","ESTABLECIMIENTOS DE ALOJAMIENTO TURÍSTICO","HOSTAL","21","45","1","2019"
"4177","ACTIVO","HOTEL MONTERREY","ATLANTICO","8","BARRANQUILLA","8001","39431720","ESTABLECIMIENTOS DE ALOJAMIENTO TURÍSTICO","HOTEL","40","50","13","2019"
"4182","ACTIVO","HOTEL DINASTIA REAL","HUILA","41","NEIVA","41001","813003246","ESTABLECIMIENTOS DE ALOJAMIENTO TURÍSTICO","HOTEL","30","70","8","2019"
"4183","ACTIVO","HOTEL MIRAMARI","SANTANDER","68","SAN GIL","68679","37896973","ESTABLECIMIENTOS DE ALOJAMIENTO TURÍSTICO","HOTEL","15","30","4","2019"
"4187","ACTIVO","HOTEL APARTAMENTOS TAYRONA","ANTIOQUIA","5","PUERTO BERRIO","5579","32430040","ESTABLECIMIENTOS DE ALOJAMIENTO TURÍSTICO","HOTEL","23","37","3","2019"
"4192","ACTIVO","AGENCIA DE VIAJES Y TURISMO GOLD TOUR SAS","BOGOTA","11","BOGOTA D.C.","11001","800212545","AGENCIAS DE VIAJES","AGENCIAS DE VIAJES Y DE TURISMO","0","0","15","2019"
"4194","ACTIVO","PROMOTORA DE TURISMO PROMOTUR","SANTANDER","68","BUCARAMANGA","68001","804001225","AGENCIAS DE VIAJES","AGENCIAS DE VIAJES Y DE TURISMO","0","0","1","2019"
"4196","ACTIVO","VIAJES Y TURISMO MUNDIALES","MAGDALENA","47","SANTA MARTA","47001","800164453","AGENCIAS DE VIAJES","AGENCIAS DE VIAJES Y DE TURISMO","0","0","4","2019"
"4201","ACTIVO","FINCA CAFETERA EL BALSO","QUINDIO","63","ARMENIA","63001","24286228","VIVIENDAS TURÍSTICAS","FINCAS TURÍSTICAS (ALOJAMIENTO RURAL)","5","9","0","2019"
"4203","ACTIVO","LOS VINEDOS DE GETSEMANI S.A.","VALLE DEL CAUCA","76","LA UNION","76400","800108902","ESTABLECIMIENTOS DE ALOJAMIENTO TURÍSTICO","HOTEL","41","90","38","2019"
"4207","ACTIVO","HOTEL CABANAS EL PORTON","BOYACA","15","PAIPA","15516","891856135","ESTABLECIMIENTOS DE ALOJAMIENTO TURÍSTICO","HOTEL","26","71","1","2019"
"4212","ACTIVO","HOTEL BOSTON.","SUCRE","70","SINCELEJO","70001","800233841","ESTABLECIMIENTOS DE ALOJAMIENTO TURÍSTICO","HOTEL","42","64","15","2019"
"4230","ACTIVO","KARIBE CHARTER`S","META","50","VILLAVICENCIO","50001","822002558","AGENCIAS DE VIAJES","AGENCIAS DE VIAJES Y DE TURISMO","0","0","1","2019"
"4232","ACTIVO","HOTEL EMBAJADOR","BOGOTA","11","BOGOTA D.C.","11001","2906520","ESTABLECIMIENTOS DE ALOJAMIENTO TURÍSTICO","HOTEL","37","42","5","2019"
"4239","ACTIVO","CHAMANA HOTEL","VALLE DEL CAUCA","76","CAICEDONIA","76122","891903658","ESTABLECIMIENTOS DE ALOJAMIENTO TURÍSTICO","HOTEL","20","38","9","2019"
"4241","ACTIVO","HOTEL KUALAMANA CAFAM","TOLIMA","73","MELGAR","73449","860013570","ESTABLECIMIENTOS DE ALOJAMIENTO TURÍSTICO","HOTEL","155","332","39","2019"
"4243","ACTIVO","HOTEL KUALAMANA CAFAM","TOLIMA","73","MELGAR","73449","860013570","OPERADORES PROFESIONALES DE CONGRESOS, FERIAS Y CONVENCIONES","OPERADORES PROFESIONALES DE CONGRESOS, FERIAS Y CONVENCIONES","0","0","1","2019"
"4244","ACTIVO","CHARLESTON CARTAGENA","BOLIVAR","13","CARTAGENA","13001","830032945","ESTABLECIMIENTOS DE ALOJAMIENTO TURÍSTICO","HOTEL","87","98","160","2019"
"4245","ACTIVO","TOUR COLOMBIA","CALDAS","17","MANIZALES","17001","43032853","AGENCIAS DE VIAJES","AGENCIAS DE VIAJES OPERADORAS","0","0","1","2019"
"4246","ACTIVO","HOTEL ALMIRANTE CAFAM","TOLIMA","73","MELGAR","73449","860013570","ESTABLECIMIENTOS DE ALOJAMIENTO TURÍSTICO","HOTEL","76","174","19","2019"
"4248","ACTIVO","CENTRO VACACIONAL CAMPOALEGRE - CAJASAN","SANTANDER","68","PIEDECUESTA","68547","890200106","ESTABLECIMIENTOS DE ALOJAMIENTO TURÍSTICO","CENTRO VACACIONAL","13","56","3","2019"
"4250","ACTIVO","TATIVAN HOTEL","CESAR","20","VALLEDUPAR","20001","800242657","ESTABLECIMIENTOS DE ALOJAMIENTO TURÍSTICO","HOTEL","66","98","50","2019"
"4253","ACTIVO","HOTEL CARIBE.","BOLIVAR","13","CARTAGENA","13001","890404970","ESTABLECIMIENTOS DE ALOJAMIENTO TURÍSTICO","HOTEL","363","960","272","2019"
"4254","ACTIVO","HOTEL TEQUENDAMA","RISARALDA","66","PEREIRA","66001","10100273","ESTABLECIMIENTOS DE ALOJAMIENTO TURÍSTICO","HOTEL","9","14","1","2019"
"4255","ACTIVO","HOTEL MONTERREY.","BOLIVAR","13","CARTAGENA","13001","900244455","ESTABLECIMIENTOS DE ALOJAMIENTO TURÍSTICO","HOTEL","30","35","30","2019"
"4256","ACTIVO","FINCA BUEVAVISTA ECO Y AGROTURISMO","QUINDIO","63","MONTENEGRO","63470","24484603","VIVIENDAS TURÍSTICAS","FINCAS TURÍSTICAS (ALOJAMIENTO RURAL)","6","12","0","2019"
"4259","ACTIVO","HOTEL LAS NIEVES","SANTANDER","68","GIRON","68307","28148277","ESTABLECIMIENTOS DE ALOJAMIENTO TURÍSTICO","HOTEL","25","77","6","2019"
"4262","ACTIVO","RETIRO 84 APARTASUTES","BOGOTA","11","BOGOTA D.C.","11001","830508369","ESTABLECIMIENTOS DE ALOJAMIENTO TURÍSTICO","HOTEL","16","16","2","2019"
"4265","ACTIVO","HOTEL REAL","NORTE DE SANTANDER","54","OCAÃ‘A","54498","27755137","ESTABLECIMIENTOS DE ALOJAMIENTO TURÍSTICO","HOTEL","27","45","5","2019"
"4267","ACTIVO","HOTEL CAQUETA REAL HSC","CAQUETA","18","FLORENCIA","18001","900942764","ESTABLECIMIENTOS DE ALOJAMIENTO TURÍSTICO","HOTEL","40","70","23","2019"
"4275","ACTIVO","HOTEL COMERCIAL","RISARALDA","66","PEREIRA","66001","1088302120","ESTABLECIMIENTOS DE ALOJAMIENTO TURÍSTICO","HOTEL","60","110","1","2019"
"4277","ACTIVO","CASAS VACACIONALES CAFAM","TOLIMA","73","MELGAR","73449","860013570","ESTABLECIMIENTOS DE ALOJAMIENTO TURÍSTICO","HOTEL","313","2244","78","2019"
"4285","ACTIVO","MONSERRAT SPA VITAL","BOGOTA","11","BOGOTA D.C.","11001","900099540","ESTABLECIMIENTOS DE ALOJAMIENTO TURÍSTICO","HOTEL","41","60","12","2019"
"4289","ACTIVO","HOTEL CAMPO-MAR","SUCRE","70","TOLU","70820","42889898","ESTABLECIMIENTOS DE ALOJAMIENTO TURÍSTICO","HOTEL","64","190","16","2019"
"4290","ACTIVO","HOTEL EL VELERO","VALLE DEL CAUCA","76","BUENAVENTURA","76109","6159485","ESTABLECIMIENTOS DE ALOJAMIENTO TURÍSTICO","HOTEL","52","62","7","2019"
"4302","ACTIVO","HOTEL ZOROCAN","NARIÑO","52","PASTO","52001","27532236","ESTABLECIMIENTOS DE ALOJAMIENTO TURÍSTICO","HOTEL","18","42","2","2019"
"4303","ACTIVO","HOTEL PRADO 72","ATLANTICO","8","BARRANQUILLA","8001","802022443","ESTABLECIMIENTOS DE ALOJAMIENTO TURÍSTICO","HOTEL","58","100","72","2019"
"4308","ACTIVO","HOTEL MEDELLIN","MAGDALENA","47","SANTA MARTA","47001","85477783","ESTABLECIMIENTOS DE ALOJAMIENTO TURÍSTICO","HOTEL","12","40","4","2019"
"4309","ACTIVO","ECOLODGE EL ALMEJAL S.A.S.","CHOCO","27","BAHIA SOLANO","27075","891600152","ESTABLECIMIENTOS DE ALOJAMIENTO TURÍSTICO","HOTEL","12","40","8","2019"
"4312","ACTIVO","HOTEL EL EDEN","CALDAS","17","MANIZALES","17001","17168776","ESTABLECIMIENTOS DE ALOJAMIENTO TURÍSTICO","HOTEL","15","21","4","2019"
"4313","ACTIVO","HOSTAL LA POSADA DEL CAFE","QUINDIO","63","SALENTO","63690","24941379","ESTABLECIMIENTOS DE ALOJAMIENTO TURÍSTICO","HOSTAL","6","12","2","2019"
"4322","ACTIVO","HOTEL ROCAMAR","MAGDALENA","47","SANTA MARTA","47001","891702942","ESTABLECIMIENTOS DE ALOJAMIENTO TURÍSTICO","HOTEL","16","30","2","2019"
"4326","ACTIVO","HOTEL LA MANSION DEL MARQUEZ","SANTANDER","68","BUCARAMANGA","68001","1097304001","ESTABLECIMIENTOS DE ALOJAMIENTO TURÍSTICO","HOTEL","18","21","5","2019"
"4331","ACTIVO","HOTEL CACIQUE T.","CORDOBA","23","CERETE","23162","800144234","ESTABLECIMIENTOS DE ALOJAMIENTO TURÍSTICO","HOTEL","32","76","2","2019"
"4334","ACTIVO","HOTEL OICATA","BOYACA","15","DUITAMA","15238","891856094","ESTABLECIMIENTOS DE ALOJAMIENTO TURÍSTICO","HOTEL","42","81","10","2019"
"4336","ACTIVO","HOTEL TEUSACA AC","BOGOTA","11","BOGOTA D.C.","11001","12559535","ESTABLECIMIENTOS DE ALOJAMIENTO TURÍSTICO","HOTEL","24","36","3","2019"
"4338","ACTIVO","LOS DELFINES HOSPEDAJE","AMAZONAS","91","LETICIA","91001","1628721","ESTABLECIMIENTOS DE ALOJAMIENTO TURÍSTICO","HOTEL","6","18","1","2019"
"4342","ACTIVO","HOTEL EGINA MEDELLIN","ANTIOQUIA","5","MEDELLIN","5001","800248472","ESTABLECIMIENTOS DE ALOJAMIENTO TURÍSTICO","HOTEL","65","81","20","2019"
"4343","ACTIVO","HOTEL PALERMO","VALLE DEL CAUCA","76","BUENAVENTURA","76109","6159485","ESTABLECIMIENTOS DE ALOJAMIENTO TURÍSTICO","HOTEL","46","67","7","2019"
"4351","ACTIVO","HOTEL EGINA BOGOTA","BOGOTA","11","BOGOTA D.C.","11001","800248472","ESTABLECIMIENTOS DE ALOJAMIENTO TURÍSTICO","HOTEL","44","46","21","2019"
"4355","ACTIVO","HOTEL FONTIBON","BOGOTA","11","BOGOTA D.C.","11001","830121908","ESTABLECIMIENTOS DE ALOJAMIENTO TURÍSTICO","HOTEL","85","135","15","2019"
"4358","ACTIVO","HOTEL SAN NICOLAS PLAZA","TOLIMA","73","MELGAR","73449","830135020","ESTABLECIMIENTOS DE ALOJAMIENTO TURÍSTICO","HOTEL","30","52","8","2019"
"4360","ACTIVO","CENTRO VACACIONAL LAGOSOL","CUNDINAMARCA","25","NILO","25488","860066942","ESTABLECIMIENTOS DE ALOJAMIENTO TURÍSTICO","HOTEL","136","400","257","2019"
"4361","ACTIVO","HOTEL MORGAN NO. 1","SANTANDER","68","BUCARAMANGA","68001","28339371","ESTABLECIMIENTOS DE ALOJAMIENTO TURÍSTICO","HOTEL","18","30","5","2019"
"4362","ACTIVO","HOTEL LAS DOS PALMAS","GUAJIRA","44","RIOHACHA","44001","800190729","ESTABLECIMIENTOS DE ALOJAMIENTO TURÍSTICO","HOTEL","19","49","2","2019"
"4365","ACTIVO","HOTEL LOS TUNJOS","RISARALDA","66","PEREIRA","66001","1088278492","ESTABLECIMIENTOS DE ALOJAMIENTO TURÍSTICO","HOTEL","22","39","3","2019"
"4372","ACTIVO","HOTEL MI CASITA","RISARALDA","66","PEREIRA","66001","31895362","ESTABLECIMIENTOS DE ALOJAMIENTO TURÍSTICO","HOTEL","17","40","4","2019"
"4385","ACTIVO","COMUNICACIONES EFECTIVAS R","ANTIOQUIA","5","ITAGUI","5360","900049217","OPERADORES PROFESIONALES DE CONGRESOS, FERIAS Y CONVENCIONES","OPERADORES PROFESIONALES DE CONGRESOS, FERIAS Y CONVENCIONES","0","0","23","2019"
"4388","ACTIVO","MARKETING DE IDEAS","ANTIOQUIA","5","MEDELLIN","5001","811009619","OPERADORES PROFESIONALES DE CONGRESOS, FERIAS Y CONVENCIONES","OPERADORES PROFESIONALES DE CONGRESOS, FERIAS Y CONVENCIONES","0","0","15","2019"
"4410","ACTIVO","SEDE RECREACIONAL COMFENALCO SANTANDER","SANTANDER","68","FLORIDABLANCA","68276","890201578","ESTABLECIMIENTOS DE ALOJAMIENTO TURÍSTICO","CENTRO VACACIONAL","7","22","2","2019"
"4430","ACTIVO","MUNDO DESTINOS REPRESENTACIONES TURISTICAS","BOGOTA","11","BOGOTA D.C.","11001","830058735","OFICINAS DE REPRESENTACION TURÍSTICA","OFICINA DE REPRESENTACIÓN TURÍSTICA","0","0","1","2019"
"4442","ACTIVO","HOTEL CAMPESTRE VILLA YUDY","TOLIMA","73","MELGAR","73449","900134584","ESTABLECIMIENTOS DE ALOJAMIENTO TURÍSTICO","HOTEL","31","70","9","2019"
"4448","ACTIVO","HOTEL PANORAMA","CESAR","20","VALLEDUPAR","20001","900817593","ESTABLECIMIENTOS DE ALOJAMIENTO TURÍSTICO","HOTEL","35","46","5","2019"
"4454","ACTIVO","AGENCIA DE VIAJES Y TURISMO MERIDIANO","BOGOTA","11","BOGOTA D.C.","11001","860038813","AGENCIAS DE VIAJES","AGENCIAS DE VIAJES Y DE TURISMO","0","0","8","2019"
"4458","ACTIVO","TURIVEL OPERADORA MAYORISTA","BOGOTA","11","BOGOTA D.C.","11001","860402288","AGENCIAS DE VIAJES","AGENCIAS DE VIAJES MAYORISTAS","0","0","7","2019"
"4459","ACTIVO","HEMISFERIO TOURS","VALLE DEL CAUCA","76","CALI","76001","800054863","AGENCIAS DE VIAJES","AGENCIAS DE VIAJES Y DE TURISMO","0","0","7","2019"
"4461","ACTIVO","DORADO TOURS O.V. VIAJES Y TURISMO","CUNDINAMARCA","25","SOPO","25758","80431109","AGENCIAS DE VIAJES","AGENCIAS DE VIAJES Y DE TURISMO","0","0","1","2019"
"4465","ACTIVO","AGENCIA DE VIAJES GENESIS","ANTIOQUIA","5","MEDELLIN","5001","800057730","AGENCIAS DE VIAJES","AGENCIAS DE VIAJES Y DE TURISMO","0","0","9","2019"
"4470","ACTIVO","REGATA VIAJES Y TURISMO","VALLE DEL CAUCA","76","CALI","76001","800207170","AGENCIAS DE VIAJES","AGENCIAS DE VIAJES Y DE TURISMO","0","0","14","2019"
"4472","ACTIVO","OFICINA DE TURISMO - CAJASAN","SANTANDER","68","BUCARAMANGA","68001","890200106","AGENCIAS DE VIAJES","AGENCIAS DE VIAJES Y DE TURISMO","0","0","1","2019"
"4479","ACTIVO","UNIBELIER LTDA SU AGENCIA","SANTANDER","68","BUCARAMANGA","68001","804003151","AGENCIAS DE VIAJES","AGENCIAS DE VIAJES Y DE TURISMO","0","0","1","2019"
"4482","ACTIVO","VITRAMAR CHIA","CUNDINAMARCA","25","CHIA","25175","800176657","AGENCIAS DE VIAJES","AGENCIAS DE VIAJES Y DE TURISMO","0","0","3","2019"
"4486","ACTIVO","HACIENDA HOTEL SUESCUN FERNANDO REYES ISAZA & CIA S.EN C.","BOYACA","15","TIBASOSA","15806","860047532","ESTABLECIMIENTOS DE ALOJAMIENTO TURÍSTICO","HOTEL","17","38","10","2019"
"4487","ACTIVO","AGENCIA DE VIAJES Y TURISMO YETITOURS","BOYACA","15","TUNJA","15001","800240284","AGENCIAS DE VIAJES","AGENCIAS DE VIAJES Y DE TURISMO","0","0","1","2019"
"4498","ACTIVO","PROMOTORA DE TURISMO BELISARIO MARIN","VALLE DEL CAUCA","76","CALI","76001","890316281","AGENCIAS DE VIAJES","AGENCIAS DE VIAJES Y DE TURISMO","0","0","2","2019"
"4500","ACTIVO","HOTEL GIMAURA","GUAJIRA","44","RIOHACHA","44001","900511031","ESTABLECIMIENTOS DE ALOJAMIENTO TURÍSTICO","HOTEL","47","78","39","2019"
"4504","ACTIVO","AGENCIAS DE VIAJES Y TURISMO WILSON TOURS Y CIA LTDA","ATLANTICO","8","BARRANQUILLA","8001","802009081","AGENCIAS DE VIAJES","AGENCIAS DE VIAJES Y DE TURISMO","0","0","4","2019"
"4506","ACTIVO","VIAJES COOPAVA","BOGOTA","11","BOGOTA D.C.","11001","860013683","AGENCIAS DE VIAJES","AGENCIAS DE VIAJES Y DE TURISMO","0","0","1","2019"
"4507","ACTIVO","HOTEL GRANADA REAL","VALLE DEL CAUCA","76","CALI","76001","900441307","ESTABLECIMIENTOS DE ALOJAMIENTO TURÍSTICO","HOTEL","60","112","30","2019"
"4512","ACTIVO","HOTEL CARIVDI.","SUCRE","70","SINCELEJO","70001","33173678","ESTABLECIMIENTOS DE ALOJAMIENTO TURÍSTICO","HOTEL","25","50","6","2019"
"4513","ACTIVO","VIAJES LA GUANENA LTDA","NARIÑO","52","PASTO","52001","814001530","AGENCIAS DE VIAJES","AGENCIAS DE VIAJES Y DE TURISMO","0","0","1","2019"
"4514","ACTIVO","HOTEL ORQUIDEA DORADA REAL","TOLIMA","73","MELGAR","73449","19129187","ESTABLECIMIENTOS DE ALOJAMIENTO TURÍSTICO","HOTEL","48","60","12","2019"
"4520","ACTIVO","QUIMBAYA TOURS","BOGOTA","11","BOGOTA D.C.","11001","900349497","AGENCIAS DE VIAJES","AGENCIAS DE VIAJES OPERADORAS","0","0","8","2019"
"4525","ACTIVO","HOTEL DON LOLO","META","50","VILLAVICENCIO","50001","892002427","ESTABLECIMIENTOS DE ALOJAMIENTO TURÍSTICO","HOTEL","57","118","14","2019"
"4527","ACTIVO","HOTEL VALLADOLLYD","HUILA","41","SAN AGUSTIN","41668","1082772990","ESTABLECIMIENTOS DE ALOJAMIENTO TURÍSTICO","HOTEL","13","35","1","2019"
"4529","ACTIVO","AGENCIA DE VIAJES DE TURISMO RECEPTIVO DESTINO COLOMBIA","ANTIOQUIA","5","MEDELLIN","5001","800248920","AGENCIAS DE VIAJES","AGENCIAS DE VIAJES OPERADORAS","0","0","32","2019"
"4533","ACTIVO","HOTEL JUANAMBU","NARIÑO","52","PASTO","52001","59824784","ESTABLECIMIENTOS DE ALOJAMIENTO TURÍSTICO","HOTEL","24","40","6","2019"
"4537","ACTIVO","HOTEL EL CONDADO","ANTIOQUIA","5","ITAGUI","5360","32472882","ESTABLECIMIENTOS DE ALOJAMIENTO TURÍSTICO","HOTEL","25","40","4","2019"
"4551","ACTIVO","HOTEL RESIDENCIAS EL DORADO","BOGOTA","11","BOGOTA D.C.","11001","52850304","ESTABLECIMIENTOS DE ALOJAMIENTO TURÍSTICO","HOTEL","21","27","2","2019"
"4553","ACTIVO","HOTEL LAS ORQUIDEAS","BOYACA","15","DUITAMA","15238","23546570","ESTABLECIMIENTOS DE ALOJAMIENTO TURÍSTICO","HOTEL","23","66","1","2019"
"4555","ACTIVO","HOTEL MELGAR PLAZA","TOLIMA","73","MELGAR","73449","27556328","ESTABLECIMIENTOS DE ALOJAMIENTO TURÍSTICO","HOTEL","35","72","4","2019"
"4559","ACTIVO","TRAVEL EXPERT S A S","BOGOTA","11","BOGOTA D.C.","11001","830060733","AGENCIAS DE VIAJES","AGENCIAS DE VIAJES Y DE TURISMO","0","0","3","2019"
"4564","ACTIVO","HOTEL INAMBU","META","50","VILLAVICENCIO","50001","23801410","ESTABLECIMIENTOS DE ALOJAMIENTO TURÍSTICO","HOTEL","28","56","7","2019"
"4569","ACTIVO","VIAJES BALBOA","VALLE DEL CAUCA","76","BUENAVENTURA","76109","800151852","AGENCIAS DE VIAJES","AGENCIAS DE VIAJES Y DE TURISMO","0","0","1","2019"
"4575","ACTIVO","HOTEL SUITE SANTA ROSA","RISARALDA","66","SANTA ROSA DE CABAL","66682","25163868","ESTABLECIMIENTOS DE ALOJAMIENTO TURÍSTICO","HOTEL","16","30","4","2019"
"4577","ACTIVO","HOTEL SAN REMO","TOLIMA","73","IBAGUE","73001","14210204","ESTABLECIMIENTOS DE ALOJAMIENTO TURÍSTICO","HOTEL","27","55","7","2019"
"4582","ACTIVO","AVES TOURS","BOGOTA","11","BOGOTA D.C.","11001","860079869","AGENCIAS DE VIAJES","AGENCIAS DE VIAJES Y DE TURISMO","0","0","1","2019"
"4583","ACTIVO","HOTEL MORASURCO","NARIÑO","52","PASTO","52001","891200373","ESTABLECIMIENTOS DE ALOJAMIENTO TURÍSTICO","HOTEL","60","105","30","2019"
"4586","ACTIVO","GRUPO TIME SHARING","ANTIOQUIA","5","MEDELLIN","5001","811011790","OFICINAS DE REPRESENTACION TURÍSTICA","OFICINA DE REPRESENTACIÓN TURÍSTICA","0","0","5","2019"
"4588","ACTIVO","INVERSIONES HOTELERAS ARAWAK UPAR SAS","CESAR","20","VALLEDUPAR","20001","900464458","ESTABLECIMIENTOS DE ALOJAMIENTO TURÍSTICO","HOTEL","62","148","5","2019"
"4596","ACTIVO","CAMINO TOURS","BOLIVAR","13","CARTAGENA","13001","890404997","AGENCIAS DE VIAJES","AGENCIAS DE VIAJES OPERADORAS","0","0","8","2019"
"4605","ACTIVO","HOTEL LOS CRISTALES","BOGOTA","11","BOGOTA D.C.","11001","35314720","ESTABLECIMIENTOS DE ALOJAMIENTO TURÍSTICO","HOTEL","29","33","4","2019"
"4610","ACTIVO","AGENCIA DE VIAJES TUR-ORIENTE","SANTANDER","68","BUCARAMANGA","68001","890206454","AGENCIAS DE VIAJES","AGENCIAS DE VIAJES Y DE TURISMO","0","0","1","2019"
"4611","ACTIVO","HOTEL EL PENON","VALLE DEL CAUCA","76","CALI","76001","890310096","ESTABLECIMIENTOS DE ALOJAMIENTO TURÍSTICO","HOTEL","26","34","12","2019"
"4613","ACTIVO","HOTEL ILAMA","VALLE DEL CAUCA","76","BUGA","76111","891300563","ESTABLECIMIENTOS DE ALOJAMIENTO TURÍSTICO","HOTEL","29","2790","1","2019"
"4626","ACTIVO","HOTEL FAMILIAR SANTA MONICA","VALLE DEL CAUCA","76","CALI","76001","31171322","ESTABLECIMIENTOS DE ALOJAMIENTO TURÍSTICO","HOSTAL","5","5","1","2019"
"4628","ACTIVO","ASIA EUROPA TOURS","BOGOTA","11","BOGOTA D.C.","11001","13224403","AGENCIAS DE VIAJES","AGENCIAS DE VIAJES MAYORISTAS","0","0","1","2019"
"4631","ACTIVO","HOSTAL MONSERRAT","BOGOTA","11","BOGOTA D.C.","11001","1032356991","VIVIENDAS TURÍSTICAS","FINCAS TURÍSTICAS (ALOJAMIENTO RURAL)","6","12","0","2019"
"4644","ACTIVO","HOTEL INTERNACIONAL CASA MORALES","TOLIMA","73","IBAGUE","73001","19092769","ESTABLECIMIENTOS DE ALOJAMIENTO TURÍSTICO","HOTEL","131","347","33","2019"
"4649","ACTIVO","NUEVO HOTEL ACUARIO","TOLIMA","73","MELGAR","73449","80493529","ESTABLECIMIENTOS DE ALOJAMIENTO TURÍSTICO","HOTEL","35","52","2","2019"
"4652","ACTIVO","HOTEL ACUARELA LTDA","SANTANDER","68","LOS SANTOS","68418","800114808","ESTABLECIMIENTOS DE ALOJAMIENTO TURÍSTICO","HOTEL","25","80","6","2019"
"4655","ACTIVO","HOTEL CONFORT 80","BOGOTA","11","BOGOTA D.C.","11001","901320481","ESTABLECIMIENTOS DE ALOJAMIENTO TURÍSTICO","HOTEL","26","56","15","2019"
"4659","ACTIVO","HOTEL GUADAIRA RESORT S.A.","TOLIMA","73","MELGAR","73449","830056264","ESTABLECIMIENTOS DE ALOJAMIENTO TURÍSTICO","HOTEL","64","206","18","2019"
"4661","ACTIVO","TORRE DE CALI PLAZA HOTEL","VALLE DEL CAUCA","76","CALI","76001","900444474","ESTABLECIMIENTOS DE ALOJAMIENTO TURÍSTICO","HOTEL","111","170","65","2019"
"4666","ACTIVO","HOTEL LAS MOLAS","ANTIOQUIA","5","APARTADO","5045","900077100","ESTABLECIMIENTOS DE ALOJAMIENTO TURÍSTICO","APARTAHOTEL","30","55","4","2019"
"4668","ACTIVO","HOTEL INTER-BOGOTA","BOGOTA","11","BOGOTA D.C.","11001","860070376","ESTABLECIMIENTOS DE ALOJAMIENTO TURÍSTICO","HOTEL","45","85","11","2019"
"4669","ACTIVO","PROMOCIONES Y REPRESENTACIONES PRIMERA CLASE SAS","BOGOTA","11","BOGOTA D.C.","11001","830062851","AGENCIAS DE VIAJES","AGENCIAS DE VIAJES Y DE TURISMO","0","0","3","2019"
"4674","ACTIVO","AGENCIA DE VIAJES Y TURISMO-OTUR LTDA.","SANTANDER","68","BUCARAMANGA","68001","890202047","AGENCIAS DE VIAJES","AGENCIAS DE VIAJES Y DE TURISMO","0","0","1","2019"
"4677","ACTIVO","JABA HOTEL SANTIAGO DE CALI LTDA","VALLE DEL CAUCA","76","CALI","76001","805014036","ESTABLECIMIENTOS DE ALOJAMIENTO TURÍSTICO","HOTEL","79","132","22","2019"
"4678","ACTIVO","GLOBAL VIAJES Y TURISMO","VALLE DEL CAUCA","76","CALI","76001","19412474","AGENCIAS DE VIAJES","AGENCIAS DE VIAJES Y DE TURISMO","0","0","1","2019"
"4681","ACTIVO","M F Q MAYORISTAS","BOGOTA","11","BOGOTA D.C.","11001","860531551","AGENCIAS DE VIAJES","AGENCIAS DE VIAJES MAYORISTAS","0","0","1","2019"
"4683","ACTIVO","AGENCIA TROTAMUNDOS O TROTAMUNDOS","BOGOTA","11","BOGOTA D.C.","11001","830038319","AGENCIAS DE VIAJES","AGENCIAS DE VIAJES Y DE TURISMO","0","0","4","2019"
"4684","ACTIVO","HOTEL HOUSTON","SANTANDER","68","BUCARAMANGA","68001","27950761","ESTABLECIMIENTOS DE ALOJAMIENTO TURÍSTICO","HOTEL","34","40","9","2019"
"4686","ACTIVO","OPTIMA S.A. COMPANIA INTEGRAL DE VIAJES","VALLE DEL CAUCA","76","CALI","76001","890324706","AGENCIAS DE VIAJES","AGENCIAS DE VIAJES Y DE TURISMO","0","0","1","2019"
"4687","ACTIVO","HOTEL ALCANTUZ","SANTANDER","68","SAN GIL","68679","37885028","ESTABLECIMIENTOS DE ALOJAMIENTO TURÍSTICO","HOTEL","17","45","4","2019"
"4688","ACTIVO","SAN IGNACIO PLAZA S.A.S","BOYACA","15","TUNJA","15001","900572107","ESTABLECIMIENTOS DE ALOJAMIENTO TURÍSTICO","HOTEL","27","55","5","2019"
"4689","ACTIVO","CASA DE COLOMBIA EN MEDELLIN","ANTIOQUIA","5","MEDELLIN","5001","890900894","AGENCIAS DE VIAJES","AGENCIAS DE VIAJES Y DE TURISMO","0","0","9","2019"
"4690","ACTIVO","CASA DE COLOMBIA EN MEDELLIN SUCURSAL OVIEDO","ANTIOQUIA","5","MEDELLIN","5001","890900894","AGENCIAS DE VIAJES","AGENCIAS DE VIAJES Y DE TURISMO","0","0","1","2019"
"4708","ACTIVO","HOTEL HORIZONTE","ATLANTICO","8","BARRANQUILLA","8001","8704850","ESTABLECIMIENTOS DE ALOJAMIENTO TURÍSTICO","HOTEL","17","25","4","2019"
"4710","ACTIVO","HOTEL LA VIÃ‘A","BOYACA","15","CHIQUINQUIRA","15176","23484479","ESTABLECIMIENTOS DE ALOJAMIENTO TURÍSTICO","HOTEL","20","30","5","2019"
"4712","ACTIVO","VILLA DEL ROSARIO","TOLIMA","73","MELGAR","73449","51770363","ESTABLECIMIENTOS DE ALOJAMIENTO TURÍSTICO","HOTEL","26","39","7","2019"
"4719","ACTIVO","AGENCIA OPERADORA DE TURISMO ISLA DEL ENCANTO","BOLIVAR","13","CARTAGENA","13001","806013381","AGENCIAS DE VIAJES","AGENCIAS DE VIAJES OPERADORAS","0","0","126","2019"
"4723","ACTIVO","HOTEL SHERATON","BOGOTA","11","BOGOTA D.C.","11001","860052950","ESTABLECIMIENTOS DE ALOJAMIENTO TURÍSTICO","HOTEL","24","48","5","2019"
"4725","ACTIVO","TRAVEL AIR AGENCIA DE VIAJES","ANTIOQUIA","5","ENVIGADO","5266","890919441","AGENCIAS DE VIAJES","AGENCIAS DE VIAJES Y DE TURISMO","0","0","1","2019"
"4728","ACTIVO","N H ROYAL PAVILLON","BOGOTA","11","BOGOTA D.C.","11001","900011991","ESTABLECIMIENTOS DE ALOJAMIENTO TURÍSTICO","HOTEL","30","35","16","2019"
"4730","ACTIVO","ENLACES VIAJES Y TURISMO LIMITDA","QUINDIO","63","ARMENIA","63001","801001910","AGENCIAS DE VIAJES","AGENCIAS DE VIAJES Y DE TURISMO","0","0","5","2019"
"4731","ACTIVO","HOTEL SIAR","BOGOTA","11","BOGOTA D.C.","11001","830035289","ESTABLECIMIENTOS DE ALOJAMIENTO TURÍSTICO","HOTEL","34","49","13","2019"
"4732","ACTIVO","HOTEL CAPRI SAN GIL","SANTANDER","68","SAN GIL","68679","51561917","ESTABLECIMIENTOS DE ALOJAMIENTO TURÍSTICO","HOTEL","30","47","8","2019"
"4733","ACTIVO","CLUB HOTEL YAJAIRA","TOLIMA","73","MELGAR","73449","809000382","ESTABLECIMIENTOS DE ALOJAMIENTO TURÍSTICO","HOTEL","70","110","18","2019"
"4739","ACTIVO","HOTEL ABRIL","SANTANDER","68","SAN GIL","68679","63563516","ESTABLECIMIENTOS DE ALOJAMIENTO TURÍSTICO","HOTEL","27","60","7","2019"
"4740","ACTIVO","SERVICIOS AEREOS S.A.S SAYT S.A.S","CAUCA","19","POPAYAN","19001","805001395","OFICINAS DE REPRESENTACION TURÍSTICA","OFICINA DE REPRESENTACIÓN TURÍSTICA","0","0","7","2019"
"4744","ACTIVO","HOTEL LAURELES 70","ANTIOQUIA","5","MEDELLIN","5001","901001868","ESTABLECIMIENTOS DE ALOJAMIENTO TURÍSTICO","HOTEL","32","64","23","2019"
"4747","ACTIVO","COMERCIAL HOTELERA DE IBAGUE","TOLIMA","73","IBAGUE","73001","800194897","ESTABLECIMIENTOS DE ALOJAMIENTO TURÍSTICO","HOTEL","61","106","30","2019"
"4752","ACTIVO","EMBASSY SUITES ROSALES","BOGOTA","11","BOGOTA D.C.","11001","830011089","ESTABLECIMIENTOS DE ALOJAMIENTO TURÍSTICO","HOTEL","96","131","95","2019"
"4769","ACTIVO","HOTEL HOSPEDERIA SAN CARLOS","BOYACA","15","VILLA DE LEYVA","15407","40012806","ESTABLECIMIENTOS DE ALOJAMIENTO TURÍSTICO","HOTEL","15","33","1","2019"
"4772","ACTIVO","VICTORIA EXPRESS","BOGOTA","11","BOGOTA D.C.","11001","800192581","AGENCIAS DE VIAJES","AGENCIAS DE VIAJES Y DE TURISMO","0","0","1","2019"
"4774","ACTIVO","CALEB TURISMO Y CONSULTORIA","BOYACA","15","TUNJA","15001","19182828","AGENCIAS DE VIAJES","AGENCIAS DE VIAJES OPERADORAS","0","0","2","2019"
"4778","ACTIVO","CAICEDONIA PLAZA - HOTEL","VALLE DEL CAUCA","76","CAICEDONIA","76122","29462883","ESTABLECIMIENTOS DE ALOJAMIENTO TURÍSTICO","HOTEL","12","21","1","2019"
"4782","ACTIVO","HOTEL COLSUBSIDIO PEÃ‘ALISA","CUNDINAMARCA","25","RICAURTE","25612","860007336","ESTABLECIMIENTOS DE ALOJAMIENTO TURÍSTICO","HOTEL","209","993","115","2019"
"4786","ACTIVO","PUNTO DE VENTAS SERVINCLUIDOS MEDELLIN C.C SANTA FÃ‰","ANTIOQUIA","5","MEDELLIN","5001","800230546","AGENCIAS DE VIAJES","AGENCIAS DE VIAJES Y DE TURISMO","0","0","3","2019"
"4789","ACTIVO","HOTEL BOYACA","BOYACA","15","CHIQUINQUIRA","15176","46676520","ESTABLECIMIENTOS DE ALOJAMIENTO TURÍSTICO","HOTEL","20","30","1","2019"
"4791","ACTIVO","HOTEL DANN CARLTON MEDELLIN","ANTIOQUIA","5","MEDELLIN","5001","811012295","ESTABLECIMIENTOS DE ALOJAMIENTO TURÍSTICO","HOTEL","182","212","166","2019"
"4792","ACTIVO","CASA DANN CARLTON","BOGOTA","11","BOGOTA D.C.","11001","800246985","ESTABLECIMIENTOS DE ALOJAMIENTO TURÍSTICO","HOTEL","236","282","59","2019"
"4793","ACTIVO","HOTEL LOS DELFINES","VALLE DEL CAUCA","76","BUENAVENTURA","76109","835001744","ESTABLECIMIENTOS DE ALOJAMIENTO TURÍSTICO","HOTEL","62","98","16","2019"
"4799","ACTIVO","HOTEL MISION SANTA BARBARA","SANTANDER","68","BARICHARA","68079","5817047","ESTABLECIMIENTOS DE ALOJAMIENTO TURÍSTICO","HOTEL","31","76","8","2019"
"4800","ACTIVO","TRAFALGAR TOURS","BOGOTA","11","BOGOTA D.C.","11001","830039815","AGENCIAS DE VIAJES","AGENCIAS DE VIAJES Y DE TURISMO","0","0","71","2019"
"4801","ACTIVO","HOTEL PACANAIMA","TOLIMA","73","ESPINAL","73268","901070680","ESTABLECIMIENTOS DE ALOJAMIENTO TURÍSTICO","HOTEL","26","36","7","2019"
"4805","ACTIVO","HOTEL CASA BLANCA","BOYACA","15","PAIPA","15516","9513337","ESTABLECIMIENTOS DE ALOJAMIENTO TURÍSTICO","HOTEL","45","90","12","2019"
"4808","ACTIVO","HOTEL CASTILLA REAL","RISARALDA","66","PEREIRA","66001","816003165","ESTABLECIMIENTOS DE ALOJAMIENTO TURÍSTICO","HOTEL","24","33","14","2019"
"4811","ACTIVO","HOTEL BALUARTE CARTAGENA ANTIGUO HOTEL SAN PIETRO","BOLIVAR","13","CARTAGENA","13001","830501475","ESTABLECIMIENTOS DE ALOJAMIENTO TURÍSTICO","HOTEL","32","44","33","2019"
"4814","ACTIVO","MERCY TOURS SAS","VALLE DEL CAUCA","76","CALI","76001","830053469","AGENCIAS DE VIAJES","AGENCIAS DE VIAJES Y DE TURISMO","0","0","1","2019"
"4828","ACTIVO","VIAJES SOL Y BRISA LTDA","BOGOTA","11","BOGOTA D.C.","11001","830053259","OFICINAS DE REPRESENTACION TURÍSTICA","OFICINA DE REPRESENTACIÓN TURÍSTICA","0","0","2","2019"
"4835","ACTIVO","DECAMERON ISLEÃ‘O BEACH RESORT SPA & CENTRO DE CONVENCIONES","SAN ANDRES Y PROVIDENCIA","88","SAN ANDRES","88001","806000179","ESTABLECIMIENTOS DE ALOJAMIENTO TURÍSTICO","HOTEL","250","640","302","2019"
"4836","ACTIVO","HOTEL EL DORADO.-","BOLIVAR","13","CARTAGENA","13001","890404835","ESTABLECIMIENTOS DE ALOJAMIENTO TURÍSTICO","HOTEL","320","680","282","2019"
"4839","ACTIVO","SERVINCLUIDOS LTDA. HOTEL AQUARIUM SUPER DECAMERON","SAN ANDRES Y PROVIDENCIA","88","SAN ANDRES","88001","800230546","ESTABLECIMIENTOS DE ALOJAMIENTO TURÍSTICO","HOTEL","297","542","361","2019"
"4840","ACTIVO","HOTEL LA VALVANERA","CUNDINAMARCA","25","ANAPOIMA","25035","800150172","ESTABLECIMIENTOS DE ALOJAMIENTO TURÍSTICO","HOTEL","14","56","2","2019"
"4842","ACTIVO","CAJA DE COMPENSACION FAMILIAR COMPENSAR","BOGOTA","11","BOGOTA D.C.","11001","860066942","AGENCIAS DE VIAJES","AGENCIAS DE VIAJES Y DE TURISMO","0","0","3","2019"
"4844","ACTIVO","SERVICIOS TURISTICOS AEREOS Y TERRESTRES SEATTUR LTDA","BOGOTA","11","BOGOTA D.C.","11001","830022015","AGENCIAS DE VIAJES","AGENCIAS DE VIAJES Y DE TURISMO","0","0","1","2019"
"4845","ACTIVO","ANDES TOURS","BOGOTA","11","BOGOTA D.C.","11001","860031954","AGENCIAS DE VIAJES","AGENCIAS DE VIAJES Y DE TURISMO","0","0","1","2019"
"4847","ACTIVO","HOTEL LUSITANIA","TOLIMA","73","IBAGUE","73001","809004254","ESTABLECIMIENTOS DE ALOJAMIENTO TURÍSTICO","HOTEL","80","171","23","2019"
"4848","ACTIVO","GIRATUR","ANTIOQUIA","5","MEDELLIN","5001","890928375","AGENCIAS DE VIAJES","AGENCIAS DE VIAJES Y DE TURISMO","0","0","3","2019"
"4849","ACTIVO","FESTIVALTOURS.CO","BOGOTA","11","BOGOTA D.C.","11001","800193221","AGENCIAS DE VIAJES","AGENCIAS DE VIAJES Y DE TURISMO","0","0","10","2019"
"4851","ACTIVO","HOTEL VIENA","CUNDINAMARCA","25","VILLETA","25875","800013421","ESTABLECIMIENTOS DE ALOJAMIENTO TURÍSTICO","HOTEL","50","115","13","2019"
"4854","ACTIVO","HOTEL SAN FRANCISCO","BOYACA","15","TUNJA","15001","6767064","ESTABLECIMIENTOS DE ALOJAMIENTO TURÍSTICO","HOTEL","19","30","1","2019"
"4860","ACTIVO","HOTEL RUITOQUE BUCARAMANGA","SANTANDER","68","BUCARAMANGA","68001","900558746","ESTABLECIMIENTOS DE ALOJAMIENTO TURÍSTICO","HOTEL","50","77","13","2019"
"4862","ACTIVO","HOTEL EL PRADO","ATLANTICO","8","BARRANQUILLA","8001","900951968","ESTABLECIMIENTOS DE ALOJAMIENTO TURÍSTICO","HOTEL","205","267","84","2019"
"4872","ACTIVO","TURAMERICA LTDA","BOGOTA","11","BOGOTA D.C.","11001","860059587","AGENCIAS DE VIAJES","AGENCIAS DE VIAJES Y DE TURISMO","0","0","1","2019"
"4874","ACTIVO","HOTEL PACIFICO","CUNDINAMARCA","25","VILLETA","25875","41414131","ESTABLECIMIENTOS DE ALOJAMIENTO TURÍSTICO","HOTEL","29","48","7","2019"
"4878","ACTIVO","HOTEL LA PLAZUELA","CAUCA","19","POPAYAN","19001","891501030","ESTABLECIMIENTOS DE ALOJAMIENTO TURÍSTICO","HOTEL","29","48","19","2019"
"4884","ACTIVO","HOTEL BACHUE","CUNDINAMARCA","25","GIRARDOT","25307","890600394","ESTABLECIMIENTOS DE ALOJAMIENTO TURÍSTICO","HOTEL","123","236","24","2019"
"4886","ACTIVO","VISION TOURS","BOGOTA","11","BOGOTA D.C.","11001","860079857","AGENCIAS DE VIAJES","AGENCIAS DE VIAJES Y DE TURISMO","0","0","14","2019"
"4888","ACTIVO","CARNAVAL TOURS","BOGOTA","11","BOGOTA D.C.","11001","800241508","AGENCIAS DE VIAJES","AGENCIAS DE VIAJES Y DE TURISMO","0","0","2","2019"
"4892","ACTIVO","HOTEL YALCONIA ( ARRENDADO )","HUILA","41","SAN AGUSTIN","41668","891100801","ESTABLECIMIENTOS DE ALOJAMIENTO TURÍSTICO","HOTEL","39","52","6","2019"
"4906","ACTIVO","HOTEL HACARITAMA OCAÃ‘A","NORTE DE SANTANDER","54","OCAÃ‘A","54498","800079759","ESTABLECIMIENTOS DE ALOJAMIENTO TURÍSTICO","HOTEL","46","84","12","2019"
"4909","ACTIVO","HOTEL EL CID","CUNDINAMARCA","25","GIRARDOT","25307","39552586","ESTABLECIMIENTOS DE ALOJAMIENTO TURÍSTICO","HOTEL","22","33","3","2019"
"4911","ACTIVO","MUNDIASTUR","ANTIOQUIA","5","MEDELLIN","5001","800009778","OFICINAS DE REPRESENTACION TURÍSTICA","OFICINA DE REPRESENTACIÓN TURÍSTICA","0","0","20","2019"
"4912","ACTIVO","HOTEL SOL INTERNACIONAL","BOYACA","15","SOGAMOSO","15759","9519947","ESTABLECIMIENTOS DE ALOJAMIENTO TURÍSTICO","HOTEL","31","52","1","2019"
"4913","ACTIVO","HOTEL COSTA AZUL BEACH","MAGDALENA","47","SANTA MARTA","47001","900430106","ESTABLECIMIENTOS DE ALOJAMIENTO TURÍSTICO","HOTEL","70","162","1","2019"
"4916","ACTIVO","HOTEL ASTORIA REAL","VALLE DEL CAUCA","76","CALI","76001","6071884","ESTABLECIMIENTOS DE ALOJAMIENTO TURÍSTICO","HOTEL","57","121","8","2019"
"4917","ACTIVO","M C O REPRESENTACIONES TURISTICAS CALI LTDA","VALLE DEL CAUCA","76","CALI","76001","800255983","OFICINAS DE REPRESENTACION TURÍSTICA","OFICINA DE REPRESENTACIÓN TURÍSTICA","0","0","5","2019"
"4923","ACTIVO","HOTEL BAHIA TAGANGA","MAGDALENA","47","SANTA MARTA","47001","700146756","ESTABLECIMIENTOS DE ALOJAMIENTO TURÍSTICO","HOTEL","32","55","9","2019"
"4924","ACTIVO","HOTEL KHALIFA","HUILA","41","NEIVA","41001","900530154","ESTABLECIMIENTOS DE ALOJAMIENTO TURÍSTICO","HOTEL","48","103","9","2019"
"4928","ACTIVO","HOTEL GUALCALA","BOGOTA","11","BOGOTA D.C.","11001","91240390","ESTABLECIMIENTOS DE ALOJAMIENTO TURÍSTICO","HOTEL","20","20","5","2019"
"4929","ACTIVO","HOTEL ROSALES PLAZA","BOGOTA","11","BOGOTA D.C.","11001","830087832","ESTABLECIMIENTOS DE ALOJAMIENTO TURÍSTICO","HOTEL","61","90","48","2019"
"4930","ACTIVO","VIALOJAR LTDA","SANTANDER","68","BUCARAMANGA","68001","800125654","OFICINAS DE REPRESENTACION TURÍSTICA","OFICINA DE REPRESENTACIÓN TURÍSTICA","0","0","1","2019"
"4931","ACTIVO","HOTEL ANCOR","SUCRE","70","SINCELEJO","70001","901057330","ESTABLECIMIENTOS DE ALOJAMIENTO TURÍSTICO","HOTEL","35","70","9","2019"
"4932","ACTIVO","COMPLEJO TURISTICO EL LAGUITO DE ARMERO","TOLIMA","73","ARMERO","73055","890803568","ESTABLECIMIENTOS DE ALOJAMIENTO TURÍSTICO","HOTEL","7","14","2","2019"
"4937","ACTIVO","HOTEL BETOMA","MAGDALENA","47","SANTA MARTA","47001","891700628","ESTABLECIMIENTOS DE ALOJAMIENTO TURÍSTICO","HOTEL","53","146","7","2019"
"4938","ACTIVO","COLTUR AUTOMOVIL CLUB","BOGOTA","11","BOGOTA D.C.","11001","830016783","AGENCIAS DE VIAJES","AGENCIAS DE VIAJES Y DE TURISMO","0","0","2","2019"
"4939","ACTIVO","NELSON`S INN HOTEL","TOLIMA","73","IBAGUE","73001","800033887","ESTABLECIMIENTOS DE ALOJAMIENTO TURÍSTICO","HOTEL","41","121","9","2019"
"4941","ACTIVO","TURISMO ANDINO SAS AGENCIA DE VIAJES","NARIÑO","52","PASTO","52001","800213040","AGENCIAS DE VIAJES","AGENCIAS DE VIAJES Y DE TURISMO","0","0","3","2019"
"4942","ACTIVO","HOTEL INTERCONTINENTAL MEDELLIN","ANTIOQUIA","5","MEDELLIN","5001","900521807","ESTABLECIMIENTOS DE ALOJAMIENTO TURÍSTICO","HOTEL","294","385","196","2019"
"4945","ACTIVO","HOTEL AL- MAJISTO","SANTANDER","68","SAN GIL","68679","28377638","ESTABLECIMIENTOS DE ALOJAMIENTO TURÍSTICO","HOTEL","7","14","2","2019"
"4947","ACTIVO","HOTEL SAN FELIPE","BOLIVAR","13","CARTAGENA","13001","890401257","ESTABLECIMIENTOS DE ALOJAMIENTO TURÍSTICO","HOTEL","55","126","19","2019"
"4949","ACTIVO","OCD HOSPEDERIA DURUELO","BOYACA","15","VILLA DE LEYVA","15407","860024394","ESTABLECIMIENTOS DE ALOJAMIENTO TURÍSTICO","HOTEL","100","297","128","2019"
"4950","ACTIVO","VIAJES ISA SAS","RISARALDA","66","SANTA ROSA DE CABAL","66682","891410768","AGENCIAS DE VIAJES","AGENCIAS DE VIAJES Y DE TURISMO","0","0","3","2019"
"4953","ACTIVO","TERMALES EL OTOÃ‘O HOTEL Y CENTRO DE CONVENCIONES","CALDAS","17","VILLAMARIA","17873","810006693","ESTABLECIMIENTOS DE ALOJAMIENTO TURÍSTICO","HOTEL","73","202","18","2019"
"4954","ACTIVO","CABANA AMAFAVIL.-","SUCRE","70","TOLU","70820","3524321","ESTABLECIMIENTOS DE ALOJAMIENTO TURÍSTICO","APARTAHOTEL","30","40","1","2019"
"4956","ACTIVO","AGENCIA DE VIAJES TURISSANDER","SANTANDER","68","BUCARAMANGA","68001","88136204","AGENCIAS DE VIAJES","AGENCIAS DE VIAJES Y DE TURISMO","0","0","1","2019"
"4958","ACTIVO","MATISSE HOTEL","BOGOTA","11","BOGOTA D.C.","11001","830501689","ESTABLECIMIENTOS DE ALOJAMIENTO TURÍSTICO","HOTEL","10","10","5","2019"
"4959","ACTIVO","VOLEMOS LTDA MI AGENCIA DE VIAJES","ANTIOQUIA","5","MEDELLIN","5001","890920558","AGENCIAS DE VIAJES","AGENCIAS DE VIAJES Y DE TURISMO","0","0","1","2019"
"4962","ACTIVO","HOTEL LAS RAMPAS","ANTIOQUIA","5","MEDELLIN","5001","811001959","ESTABLECIMIENTOS DE ALOJAMIENTO TURÍSTICO","HOTEL","56","80","10","2019"
"4970","ACTIVO","HOTEL ANDRES VENERO DE LEIVA","BOYACA","15","VILLA DE LEYVA","15407","32506713","ESTABLECIMIENTOS DE ALOJAMIENTO TURÍSTICO","HOTEL","30","60","5","2019"
"4972","ACTIVO","EL GRAN HOTEL","BOYACA","15","CHIQUINQUIRA","15176","7300312","ESTABLECIMIENTOS DE ALOJAMIENTO TURÍSTICO","HOTEL","25","39","1","2019"
"4973","ACTIVO","DAZA HOTEL","BOYACA","15","PAIPA","15516","4191601","ESTABLECIMIENTOS DE ALOJAMIENTO TURÍSTICO","HOTEL","22","46","1","2019"
"4979","ACTIVO","COSTATUR.","BOLIVAR","13","CARTAGENA","13001","800118980","AGENCIAS DE VIAJES","AGENCIAS DE VIAJES Y DE TURISMO","0","0","9","2019"
"4980","ACTIVO","COMERCIALIZADORA DE SERVICIOS TURISTICOS COMTUR","ANTIOQUIA","5","MEDELLIN","5001","890936573","AGENCIAS DE VIAJES","AGENCIAS DE VIAJES Y DE TURISMO","0","0","2","2019"
"4984","ACTIVO","SOL DE LA VILLA","BOYACA","15","VILLA DE LEYVA","15407","23689213","ESTABLECIMIENTOS DE ALOJAMIENTO TURÍSTICO","HOTEL","18","24","1","2019"
"4987","ACTIVO","EXPLORE EL MUNDO","ATLANTICO","8","BARRANQUILLA","8001","802008215","OFICINAS DE REPRESENTACION TURÍSTICA","OFICINA DE REPRESENTACIÓN TURÍSTICA","0","0","8","2019"
"4989","ACTIVO","NASATUR","BOGOTA","11","BOGOTA D.C.","11001","860079514","AGENCIAS DE VIAJES","AGENCIAS DE VIAJES Y DE TURISMO","0","0","10","2019"
"4992","ACTIVO","HOTELES ESTELAR S.A  SUCURSAL CALI","VALLE DEL CAUCA","76","CALI","76001","890304099","ESTABLECIMIENTOS DE ALOJAMIENTO TURÍSTICO","HOTEL","295","299","112","2019"
"4994","ACTIVO","THE WORLD TRAVEL","NORTE DE SANTANDER","54","CUCUTA","54001","800157951","AGENCIAS DE VIAJES","AGENCIAS DE VIAJES OPERADORAS","0","0","1","2019"
"4995","ACTIVO","AGENCIA DE VIAJES DORADO TRAVEL","VALLE DEL CAUCA","76","CALI","76001","805001215","AGENCIAS DE VIAJES","AGENCIAS DE VIAJES Y DE TURISMO","0","0","2","2019"
"5002","ACTIVO","REPRESENTACIONES TURISTICAS PROVIDENCIA","SAN ANDRES Y PROVIDENCIA","88","PROVIDENCIA","88564","827000385","OFICINAS DE REPRESENTACION TURÍSTICA","OFICINA DE REPRESENTACIÓN TURÍSTICA","0","0","5","2019"
"5004","ACTIVO","HOSPEDERIA EL OCOBO","BOYACA","15","VILLA DE LEYVA","15407","23270900","ESTABLECIMIENTOS DE ALOJAMIENTO TURÍSTICO","HOTEL","7","10","1","2019"
"5007","ACTIVO","PIJAO TOURS","TOLIMA","73","IBAGUE","73001","890702275","AGENCIAS DE VIAJES","AGENCIAS DE VIAJES Y DE TURISMO","0","0","1","2019"
"5008","ACTIVO","HOTEL HUNZA","BOYACA","15","TUNJA","15001","830054833","ESTABLECIMIENTOS DE ALOJAMIENTO TURÍSTICO","HOTEL","53","132","1","2019"
"5014","ACTIVO","HOTEL MAR AZUL","MAGDALENA","47","SANTA MARTA","47001","17018656","ESTABLECIMIENTOS DE ALOJAMIENTO TURÍSTICO","HOTEL","27","54","5","2019"
"5015","ACTIVO","V T E VIAJES TURISMO Y EXCURSIONES","BOGOTA","11","BOGOTA D.C.","11001","860522021","AGENCIAS DE VIAJES","AGENCIAS DE VIAJES Y DE TURISMO","0","0","5","2019"
"5017","ACTIVO","HOTEL CAMPESTRE LOS GABRIELES","HUILA","41","RIVERA","41615","891100954","ESTABLECIMIENTOS DE ALOJAMIENTO TURÍSTICO","HOTEL","31","112","10","2019"
"5020","ACTIVO","HACIENDA BAZA","BOYACA","15","TIBANA","15804","891800970","ESTABLECIMIENTOS DE ALOJAMIENTO TURÍSTICO","HOTEL","13","28","8","2019"
"5029","ACTIVO","HOTEL DE LA OPERA","BOGOTA","11","BOGOTA D.C.","11001","830050476","ESTABLECIMIENTOS DE ALOJAMIENTO TURÍSTICO","HOTEL","42","84","11","2019"
"5030","ACTIVO","POSADA SAN CARLOS","SANTANDER","68","SAN GIL","68679","37889443","ESTABLECIMIENTOS DE ALOJAMIENTO TURÍSTICO","HOTEL","22","31","6","2019"
"5031","ACTIVO","BEAR LTDA REPRESENTACIONES","VALLE DEL CAUCA","76","CALI","76001","800223602","OFICINAS DE REPRESENTACION TURÍSTICA","OFICINA DE REPRESENTACIÓN TURÍSTICA","0","0","1","2019"
"5032","ACTIVO","HOTEL ANDES PLAZA","BOGOTA","11","BOGOTA D.C.","11001","830012169","ESTABLECIMIENTOS DE ALOJAMIENTO TURÍSTICO","HOTEL","100","186","58","2019"
"5037","ACTIVO","CENTRO VACACIONAL Y DE CONVENCIONES LAS PALMERAS","CUNDINAMARCA","25","VILLETA","25875","860079340","ESTABLECIMIENTOS DE ALOJAMIENTO TURÍSTICO","HOTEL","168","595","115","2019"
"5038","ACTIVO","HOTEL EL DORADO CHIQUINQUIRA","BOYACA","15","CHIQUINQUIRA","15176","35424753","ESTABLECIMIENTOS DE ALOJAMIENTO TURÍSTICO","HOTEL","30","50","1","2019"
"5042","ACTIVO","DISCOVER AMERICA MARKETING S A S","BOGOTA","11","BOGOTA D.C.","11001","800059765","OFICINAS DE REPRESENTACION TURÍSTICA","OFICINA DE REPRESENTACIÓN TURÍSTICA","0","0","22","2019"
"5044","ACTIVO","HOTEL EL PORTICO","BOYACA","15","CHIQUINQUIRA","15176","820004684","ESTABLECIMIENTOS DE ALOJAMIENTO TURÍSTICO","HOTEL","28","37","1","2019"
"5047","ACTIVO","HOTEL RIO","BOYACA","15","CHIQUINQUIRA","15176","7302364","ESTABLECIMIENTOS DE ALOJAMIENTO TURÍSTICO","HOTEL","22","33","1","2019"
"5049","ACTIVO","HOSTAL ISLA SEÃ‘ORIAL","SANTANDER","68","SAN GIL","68679","1100949725","ESTABLECIMIENTOS DE ALOJAMIENTO TURÍSTICO","HOTEL","18","25","5","2019"
"5054","ACTIVO","LA FLORESTA HOTEL CAMPESTRE","QUINDIO","63","ARMENIA","63001","830116618","VIVIENDAS TURÍSTICAS","FINCAS TURÍSTICAS (ALOJAMIENTO RURAL)","18","43","0","2019"
"5055","ACTIVO","CENTRO RECREACIONAL EL DESCANSO","ATLANTICO","8","JUAN DE ACOSTA","8372","890102044","VIVIENDAS TURÍSTICAS","OTROS TIPOS DE VIVIENDA TURÍSTICA","11","43","0","2019"
"5057","ACTIVO","VIANORTE L`ALIANXA S.A.S.","ATLANTICO","8","BARRANQUILLA","8001","890112161","AGENCIAS DE VIAJES","AGENCIAS DE VIAJES Y DE TURISMO","0","0","21","2019"
"5058","ACTIVO","VIAJES VELMA LIMITADA","RISARALDA","66","LA VIRGINIA","66400","800110007","AGENCIAS DE VIAJES","AGENCIAS DE VIAJES Y DE TURISMO","0","0","2","2019"
"5060","ACTIVO","INTERAMERICAN TOURS","BOGOTA","11","BOGOTA D.C.","11001","860031475","AGENCIAS DE VIAJES","AGENCIAS DE VIAJES Y DE TURISMO","0","0","3","2019"
"5063","ACTIVO","VIAJES CIRCULAR S.A.S.","BOYACA","15","DUITAMA","15238","800236839","AGENCIAS DE VIAJES","AGENCIAS DE VIAJES Y DE TURISMO","0","0","1","2019"
"5064","ACTIVO","CIRCULO DE VIAJES UNIVERSAL S.A.","BOYACA","15","DUITAMA","15238","860029002","EMPRESAS CAPTADORAS DE AHORRO PARA VIAJES","EMPRESAS CAPTADORAS DE AHORRO PARA VIAJES Y DE SERVICIOS TURÍSTICOS","0","0","26","2019"
"5079","ACTIVO","DORA CUERVO Y CIA","ANTIOQUIA","5","MEDELLIN","5001","800190334","OFICINAS DE REPRESENTACION TURÍSTICA","OFICINA DE REPRESENTACIÓN TURÍSTICA","0","0","3","2019"
"5081","ACTIVO","VIAJES FANTASIA OPERADOR TURISTICO","RISARALDA","66","PEREIRA","66001","51589420","AGENCIAS DE VIAJES","AGENCIAS DE VIAJES Y DE TURISMO","0","0","1","2019"
"5082","ACTIVO","ARCO IRIS TOURS","BOGOTA","11","BOGOTA D.C.","11001","4216211","AGENCIAS DE VIAJES","AGENCIAS DE VIAJES OPERADORAS","0","0","1","2019"
"5086","ACTIVO","COLOMBIAN TOURIST SUCURSAL CHICO PLAN VIAJAR COM","BOGOTA","11","BOGOTA D.C.","11001","860000230","AGENCIAS DE VIAJES","AGENCIAS DE VIAJES Y DE TURISMO","0","0","3","2019"
"5092","ACTIVO","HOTEL BARLOVENTO","BOLIVAR","13","CARTAGENA","13001","890402761","ESTABLECIMIENTOS DE ALOJAMIENTO TURÍSTICO","HOTEL","52","66","29","2019"
"5093","ACTIVO","COMFORT CAR SERVICE","VALLE DEL CAUCA","76","CALI","76001","800248127","ARRENDADORES DE VEHÍCULOS PARA TURISMO NACIONAL E INTERNACIONAL","ARRENDADORES DE VEHICULOS PARA TURISMO NACIONAL E INTERNACIONAL","0","0","40","2019"
"5094","ACTIVO","SUPER DESTINO SAS","BOGOTA","11","BOGOTA D.C.","11001","830042508","AGENCIAS DE VIAJES","AGENCIAS DE VIAJES Y DE TURISMO","0","0","48","2019"
"5102","ACTIVO","PEDRO JOSE LEON RAMIREZ","QUINDIO","63","ARMENIA","63001","17190243","GUIAS DE TURISMO","GUIA DE TURISMO","0","0","1","2019"
"5103","ACTIVO","ORTIZ GONZALEZ GUSTAVO","BOGOTA","11","BOGOTA D.C.","11001","17103320","GUIAS DE TURISMO","GUIA DE TURISMO","0","0","1","2019"
"5104","ACTIVO","ALBARAN CASTRO DIEGO YEZID","BOGOTA","11","BOGOTA D.C.","11001","14206725","GUIAS DE TURISMO","GUIA DE TURISMO","0","0","1","2019"
"5110","ACTIVO","FAJARDO CASTELLANOS TOFOS","BOGOTA","11","BOGOTA D.C.","11001","19480562","GUIAS DE TURISMO","GUIA DE TURISMO","0","0","1","2019"
"5111","ACTIVO","CAICEDO PIEDRAHITA GERMAN","BOGOTA","11","BOGOTA D.C.","11001","79142950","GUIAS DE TURISMO","GUIA DE TURISMO","0","0","1","2019"
"5113","ACTIVO","CALA BAYONA IRENARCO","BOYACA","15","TUNJA","15001","19182828","GUIAS DE TURISMO","GUIA DE TURISMO","0","0","1","2019"
"5115","ACTIVO","AREVALO DIAZ JOSE LEONIDAS","BOGOTA","11","BOGOTA D.C.","11001","79145059","GUIAS DE TURISMO","GUIA DE TURISMO","0","0","1","2019"
"5117","ACTIVO","HOTEL SAN CARLOS","SANTANDER","68","BARRANCABERMEJA","68081","890201465","ESTABLECIMIENTOS DE ALOJAMIENTO TURÍSTICO","HOTEL","38","107","10","2019"
"5121","ACTIVO","HOTEL KARIMAGUA","CAQUETA","18","FLORENCIA","18001","40755598","ESTABLECIMIENTOS DE ALOJAMIENTO TURÍSTICO","HOTEL","18","28","5","2019"
"5122","ACTIVO","SUPER EXCURSIONES CALI","VALLE DEL CAUCA","76","CALI","76001","805004954","AGENCIAS DE VIAJES","AGENCIAS DE VIAJES Y DE TURISMO","0","0","7","2019"
"5124","ACTIVO","SERVI COTRAUTOL","TOLIMA","73","IBAGUE","73001","890700190","EMPRESAS DE TRANSPORTE TERRESTRE AUTOMOTOR","TRANSPORTE TERRESTRE AUTOMOTOR ESPECIAL","0","0","1","2019"
"5125","ACTIVO","VIAJAR & VOLAR LTDA","NARIÑO","52","PASTO","52001","814000842","AGENCIAS DE VIAJES","AGENCIAS DE VIAJES Y DE TURISMO","0","0","1","2019"
"5133","ACTIVO","HOTEL CASA DORADA","CALDAS","17","LA DORADA","17380","13821688","ESTABLECIMIENTOS DE ALOJAMIENTO TURÍSTICO","HOTEL","30","36","8","2019"
"5142","ACTIVO","HOTEL GETSEMANI","BOYACA","15","VILLA DE LEYVA","15407","900509503","ESTABLECIMIENTOS DE ALOJAMIENTO TURÍSTICO","HOTEL","28","56","10","2019"
"5143","ACTIVO","HOTEL TAYRONA MELGAR","TOLIMA","73","MELGAR","73449","20098369","ESTABLECIMIENTOS DE ALOJAMIENTO TURÍSTICO","HOTEL","26","66","7","2019"
"5144","ACTIVO","HOTEL DON SAUL","NARIÑO","52","PASTO","52001","12978490","ESTABLECIMIENTOS DE ALOJAMIENTO TURÍSTICO","HOTEL","40","52","10","2019"
"5150","ACTIVO","PINTO TOURS VIAJES Y TURISMO","NORTE DE SANTANDER","54","CUCUTA","54001","800204357","AGENCIAS DE VIAJES","AGENCIAS DE VIAJES Y DE TURISMO","0","0","4","2019"
"5152","ACTIVO","CEDHITOURS SAS","BOGOTA","11","BOGOTA D.C.","11001","800213903","AGENCIAS DE VIAJES","AGENCIAS DE VIAJES Y DE TURISMO","0","0","10","2019"
"5154","ACTIVO","TRAVEL CENTER","ANTIOQUIA","5","MEDELLIN","5001","811008714","AGENCIAS DE VIAJES","AGENCIAS DE VIAJES Y DE TURISMO","0","0","20","2019"
"5155","ACTIVO","LAS BUSETICAS","ANTIOQUIA","5","MEDELLIN","5001","800183606","AGENCIAS DE VIAJES","AGENCIAS DE VIAJES OPERADORAS","0","0","54","2019"
"5162","ACTIVO","VIAJES FAJARDO TOURS L ALIANXA LTDA","NARIÑO","52","PASTO","52001","800055869","AGENCIAS DE VIAJES","AGENCIAS DE VIAJES Y DE TURISMO","0","0","1","2019"
"5166","ACTIVO","AMAYA NIÃ‘O JANNETH AIDA","BOGOTA","11","BOGOTA D.C.","11001","35463883","GUIAS DE TURISMO","GUIA DE TURISMO","0","0","1","2019"
"5167","ACTIVO","CENDALES SANTANA MARIA DEL PILAR","BOGOTA","11","BOGOTA D.C.","11001","41665025","GUIAS DE TURISMO","GUIA DE TURISMO","0","0","1","2019"
"5169","ACTIVO","HOTEL CHUCARIMA S.A.S","NORTE DE SANTANDER","54","CUCUTA","54001","900210137","ESTABLECIMIENTOS DE ALOJAMIENTO TURÍSTICO","HOTEL","36","72","9","2019"
"5173","ACTIVO","COMPAÃ‘IA ANDINA DE TURISMO COANDITUR","NARIÑO","52","IPIALES","52356","891201268","AGENCIAS DE VIAJES","AGENCIAS DE VIAJES Y DE TURISMO","0","0","1","2019"
"5174","ACTIVO","AGENCIA DE VIAJES MAR Y MAR","BOLIVAR","13","CARTAGENA","13001","806001664","AGENCIAS DE VIAJES","AGENCIAS DE VIAJES Y DE TURISMO","0","0","3","2019"
"5175","ACTIVO","SERVICIOS AEREOS S.A.S.","NARIÑO","52","TUMACO","52835","805001395","OFICINAS DE REPRESENTACION TURÍSTICA","OFICINA DE REPRESENTACIÓN TURÍSTICA","0","0","31","2019"
"5179","ACTIVO","ROJAS DE ZARAMA ROSA INES","BOGOTA","11","BOGOTA D.C.","11001","41667512","GUIAS DE TURISMO","GUIA DE TURISMO","0","0","1","2019"
"5180","ACTIVO","ROSA EMILIA SUAREZ","BOGOTA","11","BOGOTA D.C.","11001","21069706","GUIAS DE TURISMO","GUIA DE TURISMO","0","0","1","2019"
"5181","ACTIVO","URREGO JIMENEZ ANA CONSTANZA","BOGOTA","11","BOGOTA D.C.","11001","41774080","GUIAS DE TURISMO","GUIA DE TURISMO","0","0","1","2019"
"5185","ACTIVO","RIVERA BARRERO FERNANDO","BOGOTA","11","BOGOTA D.C.","11001","79103545","GUIAS DE TURISMO","GUIA DE TURISMO","0","0","1","2019"
"5187","ACTIVO","HOTEL KAMANI","CAQUETA","18","FLORENCIA","18001","40757365","ESTABLECIMIENTOS DE ALOJAMIENTO TURÍSTICO","HOTEL","21","40","8","2019"
"5191","ACTIVO","NAVETUR","BOGOTA","11","BOGOTA D.C.","11001","860030251","AGENCIAS DE VIAJES","AGENCIAS DE VIAJES Y DE TURISMO","0","0","1","2019"
"5193","ACTIVO","AGENCIA DE VIAJES OPERADORES COLOMBIANA DE TURISMO S.A.S.","RISARALDA","66","PEREIRA","66001","816003699","AGENCIAS DE VIAJES","AGENCIAS DE VIAJES OPERADORAS","0","0","2","2019"
"5200","ACTIVO","GOMEZ SANTAMARIA CARLOS BERNARDO","BOGOTA","11","BOGOTA D.C.","11001","79327629","GUIAS DE TURISMO","GUIA DE TURISMO","0","0","1","2019"
"5203","ACTIVO","AGENCIA DE VIAJES Y TURISMO J.N.FLAMINGO","BOGOTA","11","BOGOTA D.C.","11001","860514764","AGENCIAS DE VIAJES","AGENCIAS DE VIAJES Y DE TURISMO","0","0","6","2019"
"5204","ACTIVO","HOTEL SEÃ‘ORIAL","VALLE DEL CAUCA","76","SEVILLA","76736","19205492","ESTABLECIMIENTOS DE ALOJAMIENTO TURÍSTICO","HOTEL","23","31","2","2019"
"5209","ACTIVO","KARLO`S HOTEL","TOLIMA","73","IBAGUE","73001","93367715","ESTABLECIMIENTOS DE ALOJAMIENTO TURÍSTICO","HOTEL","25","25","6","2019"
"5214","ACTIVO","HOTEL FLORIDAZUL","CASANARE","85","AGUAZUL","85010","4109499","ESTABLECIMIENTOS DE ALOJAMIENTO TURÍSTICO","HOTEL","30","45","2","2019"
"5215","ACTIVO","HOTEL A.R.V.","BOGOTA","11","BOGOTA D.C.","11001","2105077","ESTABLECIMIENTOS DE ALOJAMIENTO TURÍSTICO","HOTEL","28","32","3","2019"
"5217","ACTIVO","VIAJES FENIX","BOGOTA","11","BOGOTA D.C.","11001","800003206","AGENCIAS DE VIAJES","AGENCIAS DE VIAJES Y DE TURISMO","0","0","4","2019"
"5218","ACTIVO","HOTEL DON FELIPE","VALLE DEL CAUCA","76","TULUA","76834","31195720","ESTABLECIMIENTOS DE ALOJAMIENTO TURÍSTICO","HOTEL","22","27","1","2019"
"5219","ACTIVO","HOTEL MONTERIA REAL","CORDOBA","23","MONTERIA","23001","70690838","ESTABLECIMIENTOS DE ALOJAMIENTO TURÍSTICO","HOTEL","29","41","1","2019"
"5220","ACTIVO","HOTEL PEREIRA REAL","RISARALDA","66","PEREIRA","66001","1125289291","ESTABLECIMIENTOS DE ALOJAMIENTO TURÍSTICO","HOTEL","10","20","2","2019"
"5221","ACTIVO","HOTEL AZUAY","BOYACA","15","DUITAMA","15238","23549947","ESTABLECIMIENTOS DE ALOJAMIENTO TURÍSTICO","HOTEL","19","19","2","2019"
"5223","ACTIVO","AEROVIAJES DEL CASANARE LTDA","CASANARE","85","YOPAL","85001","800119084","AGENCIAS DE VIAJES","AGENCIAS DE VIAJES Y DE TURISMO","0","0","1","2019"
"5224","ACTIVO","AEROVIAJES DEL CASANARE LTDA","CASANARE","85","YOPAL","85001","800119084","AGENCIAS DE VIAJES","AGENCIAS DE VIAJES Y DE TURISMO","0","0","1","2019"
"5235","ACTIVO","VIAJES Y EXCURSIONES TURISTICAS EJECUTIVOS TOURS","BOGOTA","11","BOGOTA D.C.","11001","860043514","AGENCIAS DE VIAJES","AGENCIAS DE VIAJES Y DE TURISMO","0","0","4","2019"
"5237","ACTIVO","HOTEL PLAYAMAR","SUCRE","70","TOLU","70820","64561277","ESTABLECIMIENTOS DE ALOJAMIENTO TURÍSTICO","HOTEL","48","148","12","2019"
"5239","ACTIVO","OFICINA - INTERNACIONAL DE VIAJES RAMARBE S.A.S.","ATLANTICO","8","BARRANQUILLA","8001","890101103","AGENCIAS DE VIAJES","AGENCIAS DE VIAJES Y DE TURISMO","0","0","5","2019"
"5245","ACTIVO","BELENCITA TOURS","NORTE DE SANTANDER","54","CUCUTA","54001","890502638","AGENCIAS DE VIAJES","AGENCIAS DE VIAJES Y DE TURISMO","0","0","1","2019"
"5246","ACTIVO","HOTEL EL PILAR LIMITADA","SANTANDER","68","BUCARAMANGA","68001","890203772","ESTABLECIMIENTOS DE ALOJAMIENTO TURÍSTICO","HOTEL","40","67","10","2019"
"5247","ACTIVO","HOTEL VALLE DE PUBENZA","CAUCA","19","POPAYAN","19001","1061810334","ESTABLECIMIENTOS DE ALOJAMIENTO TURÍSTICO","HOTEL","52","83","12","2019"
"5249","ACTIVO","VIAJES TRUANDO LIMITADA","CHOCO","27","QUIBDO","27001","818000215","AGENCIAS DE VIAJES","AGENCIAS DE VIAJES Y DE TURISMO","0","0","3","2019"
"5250","ACTIVO","PUNTO DE VENTAS MULTIVACACIONES CARTAGENA DON BLAS","BOLIVAR","13","CARTAGENA","13001","806000179","EMPRESAS DE TIEMPO COMPARTIDO Y MULTIPROPIEDAD","COMERCIALIZADORA","0","0","460","2019"
"5252","ACTIVO","AUDITORIO JORGE FARAH OGHIA DEL PARQUE RECREACIONAL","CORDOBA","23","MONTERIA","23001","891080005","OPERADORES PROFESIONALES DE CONGRESOS, FERIAS Y CONVENCIONES","OPERADORES PROFESIONALES DE CONGRESOS, FERIAS Y CONVENCIONES","0","0","5","2019"
"5255","ACTIVO","AGENCIA DE VIAJES Y TURISMO COMFACOR","CORDOBA","23","MONTERIA","23001","891080005","AGENCIAS DE VIAJES","AGENCIAS DE VIAJES Y DE TURISMO","0","0","1","2019"
"5256","ACTIVO","AEROVISION","ANTIOQUIA","5","MEDELLIN","5001","800194645","AGENCIAS DE VIAJES","AGENCIAS DE VIAJES MAYORISTAS","0","0","4","2019"
"5257","ACTIVO","AEROVISION","ANTIOQUIA","5","MEDELLIN","5001","800194645","OFICINAS DE REPRESENTACION TURÍSTICA","OFICINA DE REPRESENTACIÓN TURÍSTICA","0","0","4","2019"
"5260","ACTIVO","HOTEL ANDINO","CUNDINAMARCA","25","GIRARDOT","25307","39553178","ESTABLECIMIENTOS DE ALOJAMIENTO TURÍSTICO","HOTEL","20","36","1","2019"
"5262","ACTIVO","HOTEL IMPERIAL CHIQUINQUIRA","BOYACA","15","CHIQUINQUIRA","15176","7301256","ESTABLECIMIENTOS DE ALOJAMIENTO TURÍSTICO","HOTEL","33","42","1","2019"
"5264","ACTIVO","HOTEL STEIN COLONIAL","VALLE DEL CAUCA","76","CALI","76001","1144069145","ESTABLECIMIENTOS DE ALOJAMIENTO TURÍSTICO","HOTEL","25","25","13","2019"
"5270","ACTIVO","HOSTAL LUPE","CAQUETA","18","FLORENCIA","18001","26613966","ESTABLECIMIENTOS DE ALOJAMIENTO TURÍSTICO","HOTEL","13","18","4","2019"
"5274","ACTIVO","HOTEL GIRASOL","CUNDINAMARCA","25","GIRARDOT","25307","39553178","ESTABLECIMIENTOS DE ALOJAMIENTO TURÍSTICO","HOTEL","40","46","1","2019"
"5276","ACTIVO","CORPORACION DE FERIAS Y EXPOSICIONES SA","BOGOTA","11","BOGOTA D.C.","11001","860002464","OPERADORES PROFESIONALES DE CONGRESOS, FERIAS Y CONVENCIONES","OPERADORES PROFESIONALES DE CONGRESOS, FERIAS Y CONVENCIONES","0","0","312","2019"
"5279","ACTIVO","HOTEL COLONIAL SOCORRO","SANTANDER","68","SOCORRO","68755","28423438","ESTABLECIMIENTOS DE ALOJAMIENTO TURÍSTICO","HOTEL","20","40","5","2019"
"5286","ACTIVO","CIA HOTELERA CARTAGENA PLAZA.","BOLIVAR","13","CARTAGENA","13001","800116562","ESTABLECIMIENTOS DE ALOJAMIENTO TURÍSTICO","HOTEL","311","622","350","2019"
"5293","ACTIVO","QUIROZ MONTAÃ‘EZ FABIO","BOGOTA","11","BOGOTA D.C.","11001","19261943","GUIAS DE TURISMO","GUIA DE TURISMO","0","0","1","2019"
"5300","ACTIVO","PULIDO ACUÃ‘A RODRIGO","BOGOTA","11","BOGOTA D.C.","11001","19220281","GUIAS DE TURISMO","GUIA DE TURISMO","0","0","1","2019"
"5301","ACTIVO","CORREDOR ARIZA GLORIA INES","BOGOTA","11","BOGOTA D.C.","11001","41576384","GUIAS DE TURISMO","GUIA DE TURISMO","0","0","1","2019"
"5308","ACTIVO","Manuel Enrique Portilla","CUNDINAMARCA","25","FUSAGASUGA","25290","11375259","GUIAS DE TURISMO","GUIA DE TURISMO","0","0","1","2019"
"5314","ACTIVO","SEGURA INFANTE CARLOS ALBERTO","BOGOTA","11","BOGOTA D.C.","11001","80407249","GUIAS DE TURISMO","GUIA DE TURISMO","0","0","1","2019"
"5316","ACTIVO","ACOSTA HUYO GIOVANNA PATRICIA","BOGOTA","11","BOGOTA D.C.","11001","51831651","GUIAS DE TURISMO","GUIA DE TURISMO","0","0","1","2019"
"5318","ACTIVO","CHACON SANCHEZ HAROLD EDUARDO","BOGOTA","11","BOGOTA D.C.","11001","19340842","GUIAS DE TURISMO","GUIA DE TURISMO","0","0","1","2019"
"5329","ACTIVO","AMPARO CHAPARRO RICO","BOGOTA","11","BOGOTA D.C.","11001","23549872","GUIAS DE TURISMO","GUIA DE TURISMO","0","0","1","2019"
"5333","ACTIVO","VIAJES VILLANUEVA OF. ORIENTAL","ANTIOQUIA","5","MEDELLIN","5001","800220069","AGENCIAS DE VIAJES","AGENCIAS DE VIAJES Y DE TURISMO","0","0","8","2019"
"5334","ACTIVO","HOTEL AGUALONGO DE COMFAMILIAR DE NARINO","NARIÑO","52","PASTO","52001","891280008","ESTABLECIMIENTOS DE ALOJAMIENTO TURÍSTICO","HOTEL","56","110","23","2019"
"5335","ACTIVO","HOSPEDERIA EL MESON DE LOS VIRREYES","BOYACA","15","VILLA DE LEYVA","15407","900529596","ESTABLECIMIENTOS DE ALOJAMIENTO TURÍSTICO","HOTEL","31","47","1","2019"
"5338","ACTIVO","BERLINASTUR AGENCIA DE VIAJES","BOGOTA","11","BOGOTA D.C.","11001","860015624","AGENCIAS DE VIAJES","AGENCIAS DE VIAJES OPERADORAS","0","0","4","2019"
"5345","ACTIVO","HOTEL EL ALCARAVAN DE COLSUBSIDIO","META","50","VILLAVICENCIO","50001","860007336","ESTABLECIMIENTOS DE ALOJAMIENTO TURÍSTICO","HOTEL","63","255","16","2019"
"5346","ACTIVO","HOTEL COLSUBSIDIO BOSQUES DE ATHAN","CUNDINAMARCA","25","RICAURTE","25612","860007336","ESTABLECIMIENTOS DE ALOJAMIENTO TURÍSTICO","HOTEL","80","419","112","2019"
"5347","ACTIVO","HOSTERIA DEL CAFE","CALDAS","17","PALESTINA","17524","41887741","VIVIENDAS TURÍSTICAS","FINCAS TURÍSTICAS (ALOJAMIENTO RURAL)","8","18","0","2019"
"5349","ACTIVO","HOTEL HYNTIVA","BOGOTA","11","BOGOTA D.C.","11001","19359937","ESTABLECIMIENTOS DE ALOJAMIENTO TURÍSTICO","HOTEL","26","35","3","2019"
"5350","ACTIVO","HOTEL CALIFORNIA BLUE","CALDAS","17","MANIZALES","17001","900817765","ESTABLECIMIENTOS DE ALOJAMIENTO TURÍSTICO","HOTEL","48","55","12","2019"
"5351","ACTIVO","APARTASUITES HOTEL MONTECARLO","VALLE DEL CAUCA","76","CALI","76001","890326896","ESTABLECIMIENTOS DE ALOJAMIENTO TURÍSTICO","APARTAHOTEL","16","32","4","2019"
"5355","ACTIVO","AVELLANEDA VARCARCEL CARLOS","BOGOTA","11","BOGOTA D.C.","11001","79483109","GUIAS DE TURISMO","GUIA DE TURISMO","0","0","1","2019"
"5356","ACTIVO","HOTEL Y RESTAURANTE SUIZA","TOLIMA","73","IBAGUE","73001","38228545","ESTABLECIMIENTOS DE ALOJAMIENTO TURÍSTICO","HOTEL","55","117","6","2019"
"5360","ACTIVO","ROJAS TRAVELS","GUAJIRA","44","RIOHACHA","44001","42498983","AGENCIAS DE VIAJES","AGENCIAS DE VIAJES Y DE TURISMO","0","0","1","2019"
"5365","ACTIVO","HOTEL JHON LOS ALMENDROS","TOLIMA","73","MELGAR","73449","2903484","ESTABLECIMIENTOS DE ALOJAMIENTO TURÍSTICO","HOTEL","21","39","5","2019"
"5366","ACTIVO","HOTEL PORTALES DEL CAMPESTRE","ANTIOQUIA","5","MEDELLIN","5001","811004741","ESTABLECIMIENTOS DE ALOJAMIENTO TURÍSTICO","HOTEL","16","32","8","2019"
"5374","ACTIVO","RUIZ BOMBIELA ALEXANDRA","BOGOTA","11","BOGOTA D.C.","11001","52207062","GUIAS DE TURISMO","GUIA DE TURISMO","0","0","1","2019"
"5377","ACTIVO","HOTEL NAPOLITANO","META","50","VILLAVICENCIO","50001","86053215","ESTABLECIMIENTOS DE ALOJAMIENTO TURÍSTICO","HOTEL","67","182","17","2019"
"5381","ACTIVO","N H COLLECTION ROYAL WTC BOGOTA","BOGOTA","11","BOGOTA D.C.","11001","860517030","ESTABLECIMIENTOS DE ALOJAMIENTO TURÍSTICO","HOTEL","144","288","59","2019"
"5382","ACTIVO","AGENCIA DE VIAJES SUPER TOURS","ANTIOQUIA","5","MEDELLIN","5001","800169419","AGENCIAS DE VIAJES","AGENCIAS DE VIAJES Y DE TURISMO","0","0","12","2019"
"5383","ACTIVO","FINCA LOS ALCAZARES","RISARALDA","66","PEREIRA","66001","800156522","VIVIENDAS TURÍSTICAS","FINCAS TURÍSTICAS (ALOJAMIENTO RURAL)","8","15","0","2019"
"5387","ACTIVO","RUIZ TABARES GERMAN HUMBERTO","ANTIOQUIA","5","MEDELLIN","5001","71647924","GUIAS DE TURISMO","GUIA DE TURISMO","0","0","1","2019"
"5388","ACTIVO","ECO HOTEL LAS PALMAS","QUINDIO","63","ARMENIA","63001","1094940268","VIVIENDAS TURÍSTICAS","FINCAS TURÍSTICAS (ALOJAMIENTO RURAL)","28","75","0","2019"
"5389","ACTIVO","AGUDELO CASTRO NOHORA MARINA","BOGOTA","11","BOGOTA D.C.","11001","41763356","GUIAS DE TURISMO","GUIA DE TURISMO","0","0","1","2019"
"5398","ACTIVO","HOTEL LOS CAMBULOS","BOGOTA","11","BOGOTA D.C.","11001","19262578","ESTABLECIMIENTOS DE ALOJAMIENTO TURÍSTICO","HOTEL","27","34","4","2019"
"5403","ACTIVO","HOTEL ZAFIRO DEL MEDITERRANEO","TOLIMA","73","MELGAR","73449","17046672","ESTABLECIMIENTOS DE ALOJAMIENTO TURÍSTICO","HOTEL","74","125","19","2019"
"5405","ACTIVO","HOTEL FRONTERA","NORTE DE SANTANDER","54","CUCUTA","54001","37221643","ESTABLECIMIENTOS DE ALOJAMIENTO TURÍSTICO","HOTEL","24","46","1","2019"
"5407","ACTIVO","HOTEL MARQUES DE SAN LUIS","BOYACA","15","VILLA DE LEYVA","15407","171308","ESTABLECIMIENTOS DE ALOJAMIENTO TURÍSTICO","HOTEL","30","86","1","2019"
"5409","ACTIVO","GO TOURS LTDA","VALLE DEL CAUCA","76","CALI","76001","805009961","AGENCIAS DE VIAJES","AGENCIAS DE VIAJES Y DE TURISMO","0","0","3","2019"
"5410","ACTIVO","CENTRO VACACIONAL LA PENINSULA","ANTIOQUIA","5","PEÃ‘OL","5541","811017024","VIVIENDAS TURÍSTICAS","FINCAS TURÍSTICAS (ALOJAMIENTO RURAL)","23","77","0","2019"
"5419","ACTIVO","HOTEL EMPERADOR","SANTANDER","68","BARBOSA","68077","7212582","ESTABLECIMIENTOS DE ALOJAMIENTO TURÍSTICO","HOTEL","29","70","7","2019"
"5420","ACTIVO","N.L.B. ORGANIZACION Y MONTAJES DE EVENTOS","NORTE DE SANTANDER","54","CUCUTA","54001","37242803","OPERADORES PROFESIONALES DE CONGRESOS, FERIAS Y CONVENCIONES","OPERADORES PROFESIONALES DE CONGRESOS, FERIAS Y CONVENCIONES","0","0","1","2019"
"5423","ACTIVO","VIAJES GUADALAJARA S.A.S","VALLE DEL CAUCA","76","BUGA","76111","891302039","AGENCIAS DE VIAJES","AGENCIAS DE VIAJES Y DE TURISMO","0","0","3","2019"
"5425","ACTIVO","AGENCIA DE VIAJES Y TURISMO DOLAR TOUR SUCURSAL BOGOTA","BOGOTA","11","BOGOTA D.C.","11001","891224141","AGENCIAS DE VIAJES","AGENCIAS DE VIAJES Y DE TURISMO","0","0","2","2019"
"5428","ACTIVO","HOTEL SARAVITA","SANTANDER","68","SOCORRO","68755","28410474","ESTABLECIMIENTOS DE ALOJAMIENTO TURÍSTICO","HOTEL","15","30","4","2019"
"5429","ACTIVO","HOTEL COSTA DEL SOL","BOLIVAR","13","CARTAGENA","13001","806005720","ESTABLECIMIENTOS DE ALOJAMIENTO TURÍSTICO","HOTEL","500","968","110","2019"
"5437","ACTIVO","HOTEL LAS BRISAS","ATLANTICO","8","BARRANQUILLA","8001","12525407","ESTABLECIMIENTOS DE ALOJAMIENTO TURÍSTICO","HOTEL","14","20","6","2019"
"5438","ACTIVO","VIAJES AVIALOI L`ALIANXA","CAUCA","19","POPAYAN","19001","891500901","AGENCIAS DE VIAJES","AGENCIAS DE VIAJES Y DE TURISMO","0","0","11","2019"
"5440","ACTIVO","HOTEL CORTEJO IMPERIAL","ANTIOQUIA","5","STA ROSA DE OSOS","5686","811010486","ESTABLECIMIENTOS DE ALOJAMIENTO TURÍSTICO","HOTEL","47","108","6","2019"
"5441","ACTIVO","HOTEL FRANCES DEL CENTRO INTERNACIONAL","BOGOTA","11","BOGOTA D.C.","11001","80874394","ESTABLECIMIENTOS DE ALOJAMIENTO TURÍSTICO","HOTEL","27","32","7","2019"
"5454","ACTIVO","HOTEL CAMPESTRE LOS LAGOS","QUINDIO","63","ARMENIA","63001","800254210","VIVIENDAS TURÍSTICAS","FINCAS TURÍSTICAS (ALOJAMIENTO RURAL)","6","12","0","2019"
"5458","ACTIVO","HOTEL ROYAL PLAZA","CAQUETA","18","FLORENCIA","18001","17038264","ESTABLECIMIENTOS DE ALOJAMIENTO TURÍSTICO","HOTEL","44","77","11","2019"
"5460","ACTIVO","EL CANTIL ECOLODGE","CHOCO","27","NUQUI","27495","811020013","VIVIENDAS TURÍSTICAS","FINCAS TURÍSTICAS (ALOJAMIENTO RURAL)","8","30","0","2019"
"5463","ACTIVO","HOTEL SAN FERNANDO REAL","VALLE DEL CAUCA","76","CALI","76001","901124212","ESTABLECIMIENTOS DE ALOJAMIENTO TURÍSTICO","HOTEL","62","106","20","2019"
"5466","ACTIVO","CENTRO RECREACIONAL SOLINILLA","ATLANTICO","8","PUERTO COLOMBIA","8573","890102002","VIVIENDAS TURÍSTICAS","FINCAS TURÍSTICAS (ALOJAMIENTO RURAL)","26","130","0","2019"
"5470","ACTIVO","HOTEL EMAYA","CAQUETA","18","FLORENCIA","18001","26452660","ESTABLECIMIENTOS DE ALOJAMIENTO TURÍSTICO","HOTEL","12","14","2","2019"
"5472","ACTIVO","HOTEL DINASTIA ALPEZ","TOLIMA","73","ARMERO","73055","20951376","ESTABLECIMIENTOS DE ALOJAMIENTO TURÍSTICO","HOTEL","21","28","5","2019"
"5477","ACTIVO","SEVENTUR","SANTANDER","68","BUCARAMANGA","68001","901319848","AGENCIAS DE VIAJES","AGENCIAS DE VIAJES Y DE TURISMO","0","0","1","2019"
"5478","ACTIVO","CONDOMINIO PUNTEPIEDRA","SUCRE","70","CoveÃ±as","70221","800010792","ESTABLECIMIENTOS DE ALOJAMIENTO TURÍSTICO","HOTEL","21","61","13","2019"
"5482","ACTIVO","AL AIRE.TRAVEL","BOGOTA","11","BOGOTA D.C.","11001","32683621","OFICINAS DE REPRESENTACION TURÍSTICA","OFICINA DE REPRESENTACIÓN TURÍSTICA","0","0","1","2019"
"5483","ACTIVO","SIEMPRECO ORGANIZACION DE VIAJES Y TURISMO","BOGOTA","11","BOGOTA D.C.","11001","900282329","AGENCIAS DE VIAJES","AGENCIAS DE VIAJES Y DE TURISMO","0","0","8","2019"
"5485","ACTIVO","TOCAIMA PLAZA HOTEL","CUNDINAMARCA","25","TOCAIMA","25815","51775764","ESTABLECIMIENTOS DE ALOJAMIENTO TURÍSTICO","HOTEL","19","38","3","2019"
"5486","ACTIVO","SUBATOURS","BOGOTA","11","BOGOTA D.C.","11001","800075003","AGENCIAS DE VIAJES","AGENCIAS DE VIAJES Y DE TURISMO","0","0","57","2019"
"5489","ACTIVO","PRIMAVERA PLAZA REAL","TOLIMA","73","MELGAR","73449","40040675","ESTABLECIMIENTOS DE ALOJAMIENTO TURÍSTICO","HOTEL","33","51","8","2019"
"5492","ACTIVO","TRAVEL SHOP","GUAJIRA","44","MAICAO","44430","839000380","OFICINAS DE REPRESENTACION TURÍSTICA","OFICINA DE REPRESENTACIÓN TURÍSTICA","0","0","2","2019"
"5495","ACTIVO","HOTEL CENTAUROS VILLAVICENCIO","META","50","VILLAVICENCIO","50001","900546535","ESTABLECIMIENTOS DE ALOJAMIENTO TURÍSTICO","HOTEL","44","50","11","2019"
"5497","ACTIVO","NIETO FORERO MARIA ESPERANZA","BOGOTA","11","BOGOTA D.C.","11001","20955740","GUIAS DE TURISMO","GUIA DE TURISMO","0","0","1","2019"
"5498","ACTIVO","HOTEL LA ESTACION EL LAGO","RISARALDA","66","PEREIRA","66001","42082783","ESTABLECIMIENTOS DE ALOJAMIENTO TURÍSTICO","HOTEL","10","21","1","2019"
"5499","ACTIVO","HOTEL KONFORT","SANTANDER","68","SOCORRO","68755","37836819","ESTABLECIMIENTOS DE ALOJAMIENTO TURÍSTICO","HOTEL","12","25","3","2019"
"5502","ACTIVO","HOTEL TUCAN","RISARALDA","66","PEREIRA","66001","10102283","ESTABLECIMIENTOS DE ALOJAMIENTO TURÍSTICO","HOTEL","23","33","3","2019"
"5503","ACTIVO","HOTEL ARENA BLANCA","SAN ANDRES Y PROVIDENCIA","88","SAN ANDRES","88001","830047455","ESTABLECIMIENTOS DE ALOJAMIENTO TURÍSTICO","HOTEL","72","180","81","2019"
"5504","ACTIVO","HOTEL EL CID PLAZA","BOYACA","15","TUNJA","15001","901063038","ESTABLECIMIENTOS DE ALOJAMIENTO TURÍSTICO","HOTEL","17","36","1","2019"
"5506","ACTIVO","ALOJAMIENTO TURISTICO VILLAS DEL MEDITERRANEO","TOLIMA","73","MELGAR","73449","20301642","ESTABLECIMIENTOS DE ALOJAMIENTO TURÍSTICO","HOTEL","5","5","1","2019"
"5508","ACTIVO","VIAJES BOLIVAR","ANTIOQUIA","5","MEDELLIN","5001","890927627","AGENCIAS DE VIAJES","AGENCIAS DE VIAJES Y DE TURISMO","0","0","4","2019"
"5511","ACTIVO","HOTEL CALDAS PLAZA","CALDAS","17","MANIZALES","17001","1053765154","ESTABLECIMIENTOS DE ALOJAMIENTO TURÍSTICO","HOTEL","12","30","2","2019"
"5512","ACTIVO","HOTEL DALY","CORDOBA","23","MONTERIA","23001","50927004","ESTABLECIMIENTOS DE ALOJAMIENTO TURÍSTICO","HOTEL","16","16","1","2019"
"5515","ACTIVO","CENTRO VACACIONAL VILLA BEATRIZ","CALDAS","17","PALESTINA","17524","890801733","VIVIENDAS TURÍSTICAS","FINCAS TURÍSTICAS (ALOJAMIENTO RURAL)","47","137","0","2019"
"5516","ACTIVO","HOTEL EL VIRREY","BOGOTA","11","BOGOTA D.C.","11001","900431910","ESTABLECIMIENTOS DE ALOJAMIENTO TURÍSTICO","HOTEL","70","70","22","2019"
"5519","ACTIVO","HOTEL SANTA CLARA S.A.","BOLIVAR","13","CARTAGENA","13001","800020023","ESTABLECIMIENTOS DE ALOJAMIENTO TURÍSTICO","HOTEL","124","248","302","2019"
"5521","ACTIVO","HOTEL DE LAS AMERICAS PASTO","NARIÑO","52","PASTO","52001","5371856","ESTABLECIMIENTOS DE ALOJAMIENTO TURÍSTICO","HOTEL","17","17","4","2019"
"5524","ACTIVO","HOTEL ATENAS","NARIÑO","52","PASTO","52001","30723049","ESTABLECIMIENTOS DE ALOJAMIENTO TURÍSTICO","HOTEL","13","13","3","2019"
"5538","ACTIVO","HOTEL PARQUE 97 SUITES","BOGOTA","11","BOGOTA D.C.","11001","800200982","ESTABLECIMIENTOS DE ALOJAMIENTO TURÍSTICO","HOTEL","75","89","50","2019"
"5541","ACTIVO","HOSPEDERIA IGUAQUE CAMPESTRE","BOYACA","15","VILLA DE LEYVA","15407","52148567","ESTABLECIMIENTOS DE ALOJAMIENTO TURÍSTICO","HOTEL","20","45","1","2019"
"5543","ACTIVO","HOTEL CENTRO INTERNACIONAL","BOGOTA","11","BOGOTA D.C.","11001","830079901","ESTABLECIMIENTOS DE ALOJAMIENTO TURÍSTICO","HOTEL","52","106","27","2019"
"5553","ACTIVO","DESTINOS CIA. LTDA","RISARALDA","66","PEREIRA","66001","816004481","AGENCIAS DE VIAJES","AGENCIAS DE VIAJES Y DE TURISMO","0","0","5","2019"
"5554","ACTIVO","HOTEL CENTER","TOLIMA","73","IBAGUE","73001","830080270","ESTABLECIMIENTOS DE ALOJAMIENTO TURÍSTICO","HOTEL","54","79","14","2019"
"5559","ACTIVO","HOTEL ORINOCO","VICHADA","99","PUERTO CARREÃ‘O","99001","41765004","ESTABLECIMIENTOS DE ALOJAMIENTO TURÍSTICO","HOTEL","39","55","3","2019"
"5574","ACTIVO","AGENCIA DE VIAJES Y TURISMO MIRASOL TRAVEL.","BOLIVAR","13","CARTAGENA","13001","800191106","AGENCIAS DE VIAJES","AGENCIAS DE VIAJES Y DE TURISMO","0","0","5","2019"
"5577","ACTIVO","HOTEL VILLA BARINAS","TOLIMA","73","MELGAR","73449","41714019","ESTABLECIMIENTOS DE ALOJAMIENTO TURÍSTICO","HOTEL","15","25","4","2019"
"5578","ACTIVO","HOTEL LA CASONA DEL VIRREY","CAUCA","19","POPAYAN","19001","10306883","ESTABLECIMIENTOS DE ALOJAMIENTO TURÍSTICO","HOTEL","11","13","1","2019"
"5584","ACTIVO","HOTEL METRO (ARRENDADO)","RISARALDA","66","PEREIRA","66001","10127249","ESTABLECIMIENTOS DE ALOJAMIENTO TURÍSTICO","HOTEL","16","16","2","2019"
"5586","ACTIVO","HOTEL LOS CRISTALES","RISARALDA","66","PEREIRA","66001","10144533","ESTABLECIMIENTOS DE ALOJAMIENTO TURÍSTICO","HOTEL","6","8","2","2019"
"5591","ACTIVO","HOTEL CENTRALIA DEL NORTE","VALLE DEL CAUCA","76","CALI","76001","29094104","ESTABLECIMIENTOS DE ALOJAMIENTO TURÍSTICO","HOTEL","38","34","3","2019"
"5597","ACTIVO","AVIATUR MANIZALES","CALDAS","17","MANIZALES","17001","860000018","AGENCIAS DE VIAJES","AGENCIAS DE VIAJES Y DE TURISMO","0","0","11","2019"
"5607","ACTIVO","HOTEL CONQUISTADORES","ANTIOQUIA","5","MEDELLIN","5001","71713965","ESTABLECIMIENTOS DE ALOJAMIENTO TURÍSTICO","HOTEL","38","63","5","2019"
"5618","ACTIVO","HOTEL AMAZONICO","CAQUETA","18","FLORENCIA","18001","41371088","ESTABLECIMIENTOS DE ALOJAMIENTO TURÍSTICO","HOTEL","17","25","3","2019"
"5621","ACTIVO","HOTEL CHIGUALA","CUNDINAMARCA","25","VILLAPINZON","25873","3240602","ESTABLECIMIENTOS DE ALOJAMIENTO TURÍSTICO","HOTEL","24","35","6","2019"
"5633","ACTIVO","ARIAS RESTREPO HILIANA MARIA","CALDAS","17","MANIZALES","17001","30291074","GUIAS DE TURISMO","GUIA DE TURISMO","0","0","1","2019"
"5637","ACTIVO","DINASTIA REAL HOTEL","BOYACA","15","DUITAMA","15238","7214055","ESTABLECIMIENTOS DE ALOJAMIENTO TURÍSTICO","HOTEL","38","74","15","2019"
"5638","ACTIVO","HOTEL DON SEBASTIAN","VALLE DEL CAUCA","76","TULUA","76834","16362242","ESTABLECIMIENTOS DE ALOJAMIENTO TURÍSTICO","HOTEL","17","22","2","2019"
"5639","ACTIVO","HOTEL PISCINA LA JUANITA","CUNDINAMARCA","25","LA VEGA","25402","17075758","ESTABLECIMIENTOS DE ALOJAMIENTO TURÍSTICO","HOTEL","12","22","1","2019"
"5646","ACTIVO","HOTEL EL DORADO PALMIRA","VALLE DEL CAUCA","76","PALMIRA","76520","31572164","ESTABLECIMIENTOS DE ALOJAMIENTO TURÍSTICO","HOTEL","16","40","4","2019"
"5648","ACTIVO","HOTEL LA VORAGINE DE PUERTO CARRENO","VICHADA","99","PUERTO CARREÃ‘O","99001","6036693","ESTABLECIMIENTOS DE ALOJAMIENTO TURÍSTICO","HOTEL","29","49","1","2019"
"5649","ACTIVO","HOTEL AISPORT","CUNDINAMARCA","25","EL COLEGIO","25245","51762621","ESTABLECIMIENTOS DE ALOJAMIENTO TURÍSTICO","HOTEL","26","41","1","2019"
"5650","ACTIVO","HOTEL ZAGUS","CUNDINAMARCA","25","FUSAGASUGA","25290","81741299","ESTABLECIMIENTOS DE ALOJAMIENTO TURÍSTICO","HOTEL","14","19","4","2019"
"5653","ACTIVO","HOTEL VILLACONSUELO","META","50","VILLAVICENCIO","50001","51714335","ESTABLECIMIENTOS DE ALOJAMIENTO TURÍSTICO","HOTEL","24","36","6","2019"
"5654","ACTIVO","HOTEL ULLUMBE","HUILA","41","PITALITO","41551","26547617","ESTABLECIMIENTOS DE ALOJAMIENTO TURÍSTICO","HOTEL","34","34","2","2019"
"5674","ACTIVO","ECODESTINOS VIAJES Y TURISMO EU","AMAZONAS","91","PUERTO NARIÃ‘O","91540","838000215","AGENCIAS DE VIAJES","AGENCIAS DE VIAJES OPERADORAS","0","0","1","2019"
"5675","ACTIVO","MUNDO MARINO VELILLA","SAN ANDRES Y PROVIDENCIA","88","SAN ANDRES","88001","827000307","AGENCIAS DE VIAJES","AGENCIAS DE VIAJES OPERADORAS","0","0","7","2019"
"5690","ACTIVO","HOTEL LIBERTADORES PAIPA","BOYACA","15","PAIPA","15516","9517142","ESTABLECIMIENTOS DE ALOJAMIENTO TURÍSTICO","HOTEL","20","65","1","2019"
"5692","ACTIVO","HOTEL ELIMAR","CUNDINAMARCA","25","GIRARDOT","25307","11314249","ESTABLECIMIENTOS DE ALOJAMIENTO TURÍSTICO","HOTEL","26","30","3","2019"
"5693","ACTIVO","HOTEL PISCINA MATAMBO","HUILA","41","NEIVA","41001","12097627","ESTABLECIMIENTOS DE ALOJAMIENTO TURÍSTICO","HOTEL","17","17","3","2019"
"5700","ACTIVO","HOTEL MAYESTIC","CUNDINAMARCA","25","ANAPOIMA","25035","79358820","ESTABLECIMIENTOS DE ALOJAMIENTO TURÍSTICO","HOTEL","8","25","1","2019"
"5702","ACTIVO","HOTEL RESTAURANTE LAS ESTRELLAS DE MELGAR","TOLIMA","73","MELGAR","73449","1110556064","ESTABLECIMIENTOS DE ALOJAMIENTO TURÍSTICO","HOTEL","18","54","5","2019"
"5705","ACTIVO","HOTEL YULY","CUNDINAMARCA","25","EL COLEGIO","25245","35374725","ESTABLECIMIENTOS DE ALOJAMIENTO TURÍSTICO","HOTEL","19","50","1","2019"
"5706","ACTIVO","MUNDIAL DE TURISMO","HUILA","41","NEIVA","41001","36163373","AGENCIAS DE VIAJES","AGENCIAS DE VIAJES Y DE TURISMO","0","0","2","2019"
"5707","ACTIVO","COLMUNDO VIAJES","BOGOTA","11","BOGOTA D.C.","11001","890330917","AGENCIAS DE VIAJES","AGENCIAS DE VIAJES Y DE TURISMO","0","0","11","2019"
"5711","ACTIVO","FINCA HOTEL PALMICHAL","ANTIOQUIA","5","LA PINTADA","5390","800145761","ESTABLECIMIENTOS DE ALOJAMIENTO TURÍSTICO","HOTEL","13","53","6","2019"
"5712","ACTIVO","REPRESENTACIONES TOLITUR","TOLIMA","73","IBAGUE","73001","890704272","AGENCIAS DE VIAJES","AGENCIAS DE VIAJES Y DE TURISMO","0","0","1","2019"
"5715","ACTIVO","JAIME EDUARDO BENAVIDES QUINTERO","CALDAS","17","MANIZALES","17001","10217011","GUIAS DE TURISMO","GUIA DE TURISMO","0","0","1","2019"
"5839","ACTIVO","GOLDEN TRAVEL","ANTIOQUIA","5","MEDELLIN","5001","811020967","AGENCIAS DE VIAJES","AGENCIAS DE VIAJES Y DE TURISMO","0","0","3","2019"
"5850","ACTIVO","AGENCIA DE VIAJES Y TURISMO SHALOM","NORTE DE SANTANDER","54","CUCUTA","54001","807003679","AGENCIAS DE VIAJES","AGENCIAS DE VIAJES Y DE TURISMO","0","0","1","2019"
"5851","ACTIVO","GO! AMV TRAVEL CENTER","RISARALDA","66","PEREIRA","66001","816003564","AGENCIAS DE VIAJES","AGENCIAS DE VIAJES Y DE TURISMO","0","0","5","2019"
"5856","ACTIVO","HOTEL VENECIA CONFORT","NARIÑO","52","PASTO","52001","36753246","ESTABLECIMIENTOS DE ALOJAMIENTO TURÍSTICO","HOTEL","57","77","14","2019"
"5865","ACTIVO","HOTEL VILLA DEL RIO","CUNDINAMARCA","25","VIOTA","25878","19150911","ESTABLECIMIENTOS DE ALOJAMIENTO TURÍSTICO","HOTEL","14","28","1","2019"
"5869","ACTIVO","HOTEL CAROLINA LA 50","ATLANTICO","8","BARRANQUILLA","8001","91227611","ESTABLECIMIENTOS DE ALOJAMIENTO TURÍSTICO","HOTEL","24","24","1","2019"
"5877","ACTIVO","HOTEL RESTAURANTE VASCO","CUNDINAMARCA","25","FUSAGASUGA","25290","166924","ESTABLECIMIENTOS DE ALOJAMIENTO TURÍSTICO","HOTEL","26","41","7","2019"
"5879","ACTIVO","HOTEL CALIPSO","CUNDINAMARCA","25","FUSAGASUGA","25290","20562017","ESTABLECIMIENTOS DE ALOJAMIENTO TURÍSTICO","HOTEL","33","45","1","2019"
"5884","ACTIVO","TURABA L'ALIANXA CENTRO","ANTIOQUIA","5","MEDELLIN","5001","890908099","AGENCIAS DE VIAJES","AGENCIAS DE VIAJES Y DE TURISMO","0","0","6","2019"
"5890","ACTIVO","HOSPEDAJE EL LLANERO","CUNDINAMARCA","25","CAPARRAPI","25148","41525085","ESTABLECIMIENTOS DE ALOJAMIENTO TURÍSTICO","HOTEL","23","30","2","2019"
"5893","ACTIVO","BCD TRAVEL OFICINA VACACIONAL","BOGOTA","11","BOGOTA D.C.","11001","800078692","AGENCIAS DE VIAJES","AGENCIAS DE VIAJES Y DE TURISMO","0","0","10","2019"
"5901","ACTIVO","AGRO HOTEL CAMINO DEL PARQUE","QUINDIO","63","MONTENEGRO","63470","4371898","VIVIENDAS TURÍSTICAS","FINCAS TURÍSTICAS (ALOJAMIENTO RURAL)","32","112","0","2019"
"5905","ACTIVO","VALENCIA TORRES LTDA","NARIÑO","52","IPIALES","52356","891201069","AGENCIAS DE VIAJES","AGENCIAS DE VIAJES Y DE TURISMO","0","0","1","2019"
"5913","ACTIVO","ARANGO MEJIA HILDA MARIA","ANTIOQUIA","5","MEDELLIN","5001","32512130","GUIAS DE TURISMO","GUIA DE TURISMO","0","0","1","2019"
"5915","ACTIVO","CARVAJAL MARTHA INES","ANTIOQUIA","5","MEDELLIN","5001","43054955","GUIAS DE TURISMO","GUIA DE TURISMO","0","0","1","2019"
"5916","ACTIVO","MUNERA CABALLERO LLERMEN ADRIANA","ANTIOQUIA","5","BELLO","5088","43435328","GUIAS DE TURISMO","GUIA DE TURISMO","0","0","1","2019"
"5917","ACTIVO","CARDENAS GARCES CLAUDIA PATRICIA","ANTIOQUIA","5","MEDELLIN","5001","43503453","GUIAS DE TURISMO","GUIA DE TURISMO","0","0","1","2019"
"5918","ACTIVO","GALLEGO OSPINA LUIS GONZALO","ANTIOQUIA","5","MEDELLIN","5001","70570109","GUIAS DE TURISMO","GUIA DE TURISMO","0","0","1","2019"
"5924","ACTIVO","RIOS AMAYA RODOLFO DARIO","ANTIOQUIA","5","MEDELLIN","5001","70038399","GUIAS DE TURISMO","GUIA DE TURISMO","0","0","1","2019"
"5931","ACTIVO","HOTEL CATARNICA","CUNDINAMARCA","25","TOCAIMA","25815","20600619","ESTABLECIMIENTOS DE ALOJAMIENTO TURÍSTICO","HOTEL","15","58","1","2019"
"5932","ACTIVO","AVIATUR MONTERIA","CORDOBA","23","MONTERIA","23001","860000018","AGENCIAS DE VIAJES","AGENCIAS DE VIAJES Y DE TURISMO","0","0","1","2019"
"5936","ACTIVO","HACIENDA EL EDEN RESORT LTDA","VALLE DEL CAUCA","76","EL CERRITO","76248","805006359","EMPRESAS DE TIEMPO COMPARTIDO Y MULTIPROPIEDAD","PROMOTORA","0","0","7","2019"
"5938","ACTIVO","HOTEL IMPERIAL","NORTE DE SANTANDER","54","PAMPLONA","54518","13353623","ESTABLECIMIENTOS DE ALOJAMIENTO TURÍSTICO","HOTEL","51","88","3","2019"
"5942","ACTIVO","AVIATUR CALLE 77","BOGOTA","11","BOGOTA D.C.","11001","860000018","AGENCIAS DE VIAJES","AGENCIAS DE VIAJES Y DE TURISMO","0","0","7","2019"
"5943","ACTIVO","AEROVIAJES PACIFICO DE BOGOTA","BOGOTA","11","BOGOTA D.C.","11001","860059038","AGENCIAS DE VIAJES","AGENCIAS DE VIAJES Y DE TURISMO","0","0","12","2019"
"5950","ACTIVO","HOTEL CAMPESTRE EL MIRADOR DEL PIPINTA","ANTIOQUIA","5","VALPARAISO","5856","32505827","ESTABLECIMIENTOS DE ALOJAMIENTO TURÍSTICO","HOTEL","24","35","9","2019"
"5952","ACTIVO","AVIATUR AEROPUERTO JOSE MARIA CORDOBA","ANTIOQUIA","5","RIONEGRO","5615","860000018","AGENCIAS DE VIAJES","AGENCIAS DE VIAJES Y DE TURISMO","0","0","6","2019"
"5955","ACTIVO","ALEJANDRIA VIAJES Y TURISMO","BOGOTA","11","BOGOTA D.C.","11001","830080974","AGENCIAS DE VIAJES","AGENCIAS DE VIAJES Y DE TURISMO","0","0","1","2019"
"5956","ACTIVO","HOTEL MAGANGUE","CORDOBA","23","MONTERIA","23001","78708940","ESTABLECIMIENTOS DE ALOJAMIENTO TURÍSTICO","HOTEL","12","12","1","2019"
"5957","ACTIVO","HOTEL LOS SAUCES","CUNDINAMARCA","25","FUSAGASUGA","25290","39655019","ESTABLECIMIENTOS DE ALOJAMIENTO TURÍSTICO","HOTEL","19","19","5","2019"
"5963","ACTIVO","AVIATUR AEROPUERTO EL DORADO","BOGOTA","11","BOGOTA D.C.","11001","860000018","AGENCIAS DE VIAJES","AGENCIAS DE VIAJES Y DE TURISMO","0","0","16","2019"
"5964","ACTIVO","AVIATUR PUENTE AEREO","BOGOTA","11","BOGOTA D.C.","11001","860000018","AGENCIAS DE VIAJES","AGENCIAS DE VIAJES Y DE TURISMO","0","0","9","2019"
"5969","ACTIVO","HOTEL SUITE CHICO II HOUSE","BOGOTA","11","BOGOTA D.C.","11001","900006231","ESTABLECIMIENTOS DE ALOJAMIENTO TURÍSTICO","HOTEL","16","20","6","2019"
"5974","ACTIVO","BARRETO PINTO OSMAR HERNAN","BOYACA","15","TUNJA","15001","6770857","GUIAS DE TURISMO","GUIA DE TURISMO","0","0","1","2019"
"5979","ACTIVO","HOTEL IGUAZU","META","50","VILLAVICENCIO","50001","20438364","ESTABLECIMIENTOS DE ALOJAMIENTO TURÍSTICO","HOTEL","25","40","6","2019"
"5980","ACTIVO","CENTRO VACACIONAL PLAYA JUNCAL","HUILA","41","PALERMO","41524","891180008","ESTABLECIMIENTOS DE ALOJAMIENTO TURÍSTICO","CENTRO VACACIONAL","24","84","36","2019"
"5982","ACTIVO","101 PARK HOUSE","BOGOTA","11","BOGOTA D.C.","11001","830052004","ESTABLECIMIENTOS DE ALOJAMIENTO TURÍSTICO","APARTAHOTEL","68","88","70","2019"
"5983","ACTIVO","LATINA DE VIAJES LTDA","BOGOTA","11","BOGOTA D.C.","11001","830076836","AGENCIAS DE VIAJES","AGENCIAS DE VIAJES Y DE TURISMO","0","0","1","2019"
"5990","ACTIVO","HOSPEDAJE SANTA FE","CUNDINAMARCA","25","CAPARRAPI","25148","20426621","ESTABLECIMIENTOS DE ALOJAMIENTO TURÍSTICO","HOTEL","13","15","3","2019"
"5996","ACTIVO","RECIO TURISMO S.A.","ATLANTICO","8","BARRANQUILLA","8001","890104068","AGENCIAS DE VIAJES","AGENCIAS DE VIAJES Y DE TURISMO","0","0","47","2019"
"5999","ACTIVO","VIAJES VICTORIA","META","50","VILLAVICENCIO","50001","892002719","AGENCIAS DE VIAJES","AGENCIAS DE VIAJES Y DE TURISMO","0","0","1","2019"
"6001","ACTIVO","HOTEL RIO TOUR`S","ANTIOQUIA","5","PUERTO BERRIO","5579","71625020","ESTABLECIMIENTOS DE ALOJAMIENTO TURÍSTICO","HOTEL","38","58","1","2019"
"6003","ACTIVO","HOTEL TUMBURAGUA INN","HUILA","41","NEIVA","41001","900081725","ESTABLECIMIENTOS DE ALOJAMIENTO TURÍSTICO","HOTEL","36","135","7","2019"
"6004","ACTIVO","HOTEL CUSIANA","META","50","VILLAVICENCIO","50001","41364612","ESTABLECIMIENTOS DE ALOJAMIENTO TURÍSTICO","HOTEL","21","34","5","2019"
"6005","ACTIVO","HOTEL LA NUEVA ESTANCIA","HUILA","41","NEIVA","41001","39748597","ESTABLECIMIENTOS DE ALOJAMIENTO TURÍSTICO","HOTEL","17","17","1","2019"
"6009","ACTIVO","HOTURIS VIAJES","VALLE DEL CAUCA","76","CALI","76001","800063454","AGENCIAS DE VIAJES","AGENCIAS DE VIAJES Y DE TURISMO","0","0","22","2019"
"6010","ACTIVO","SOLARIS LTDA","BOYACA","15","DUITAMA","15238","891856230","AGENCIAS DE VIAJES","AGENCIAS DE VIAJES Y DE TURISMO","0","0","1","2019"
"6014","ACTIVO","SOLARIS LIMITADA","BOYACA","15","SOGAMOSO","15759","891856230","AGENCIAS DE VIAJES","AGENCIAS DE VIAJES Y DE TURISMO","0","0","1","2019"
"6020","ACTIVO","ISATUR","SANTANDER","68","BUCARAMANGA","68001","1098777270","AGENCIAS DE VIAJES","AGENCIAS DE VIAJES Y DE TURISMO","0","0","1","2019"
"6021","ACTIVO","N H COLLECTION ROYAL HACIENDA","BOGOTA","11","BOGOTA D.C.","11001","800087202","ESTABLECIMIENTOS DE ALOJAMIENTO TURÍSTICO","HOTEL","82","92","31","2019"
"6023","ACTIVO","JAIME RODRIGUEZ AREVALO","BOGOTA","11","BOGOTA D.C.","11001","19305213","GUIAS DE TURISMO","GUIA DE TURISMO","0","0","1","2019"
"6026","ACTIVO","HOTEL MONTEBLANCO MELGAR","TOLIMA","73","MELGAR","73449","17065956","ESTABLECIMIENTOS DE ALOJAMIENTO TURÍSTICO","HOTEL","20","36","5","2019"
"6028","ACTIVO","HOTEL MOYBA CHIQUINQUIRA","BOYACA","15","CHIQUINQUIRA","15176","7304191","ESTABLECIMIENTOS DE ALOJAMIENTO TURÍSTICO","HOTEL","20","25","1","2019"
"6034","ACTIVO","CENTRO VACACIONAL VILLA CHELA","TOLIMA","73","CARMEN DE APICALA","73148","51606456","ESTABLECIMIENTOS DE ALOJAMIENTO TURÍSTICO","HOTEL","8","52","2","2019"
"6039","ACTIVO","POSADA EL GRAN CHAPARRAL","QUINDIO","63","CALARCA","63130","24564351","VIVIENDAS TURÍSTICAS","FINCAS TURÍSTICAS (ALOJAMIENTO RURAL)","10","40","0","2019"
"6040","ACTIVO","FINCA LA PRADERA 2","QUINDIO","63","QUIMBAYA","63594","24804052","VIVIENDAS TURÍSTICAS","FINCAS TURÍSTICAS (ALOJAMIENTO RURAL)","6","9","0","2019"
"6041","ACTIVO","HOTEL LA ROSA","TOLIMA","73","MARIQUITA","73443","41464634","ESTABLECIMIENTOS DE ALOJAMIENTO TURÍSTICO","HOTEL","20","32","5","2019"
"6044","ACTIVO","VIAJES L & M LTDA","VALLE DEL CAUCA","76","CALI","76001","805019687","AGENCIAS DE VIAJES","AGENCIAS DE VIAJES Y DE TURISMO","0","0","6","2019"
"6049","ACTIVO","HOTEL VALLE DE ATRIZ","NARIÑO","52","PASTO","52001","87063177","ESTABLECIMIENTOS DE ALOJAMIENTO TURÍSTICO","HOTEL","22","34","6","2019"
"6050","ACTIVO","PULLMAN TOURS LALIANXA AGENCIA DE VIAJES","VALLE DEL CAUCA","76","CALI","76001","890311940","AGENCIAS DE VIAJES","AGENCIAS DE VIAJES Y DE TURISMO","0","0","2","2019"
"6051","ACTIVO","DE LA VEGA HOTEL CAMPESTRE","QUINDIO","63","MONTENEGRO","63470","800089727","ESTABLECIMIENTOS DE ALOJAMIENTO TURÍSTICO","HOTEL","34","101","5","2019"
"6055","ACTIVO","VIAJES RABBIT","BOLIVAR","13","CARTAGENA","13001","890400803","AGENCIAS DE VIAJES","AGENCIAS DE VIAJES Y DE TURISMO","0","0","6","2019"
"6059","ACTIVO","TORRES GUTIERREZ RUTH FABIOLA","BOGOTA","11","BOGOTA D.C.","11001","41483526","GUIAS DE TURISMO","GUIA DE TURISMO","0","0","1","2019"
"6064","ACTIVO","HOTEL LE MANOIR","BOGOTA","11","BOGOTA D.C.","11001","800248472","ESTABLECIMIENTOS DE ALOJAMIENTO TURÍSTICO","HOTEL","52","104","25","2019"
"6067","ACTIVO","GENIUS TOURS LTDA","BOGOTA","11","BOGOTA D.C.","11001","830078731","AGENCIAS DE VIAJES","AGENCIAS DE VIAJES Y DE TURISMO","0","0","4","2019"
"6070","ACTIVO","HOTEL COMFACUNDI SAN MARCOS","CUNDINAMARCA","25","RICAURTE","25612","800231969","ESTABLECIMIENTOS DE ALOJAMIENTO TURÍSTICO","HOTEL","37","111","6","2019"
"6071","ACTIVO","HOTEL DEL MAR IN","ATLANTICO","8","BARRANQUILLA","8001","1045727561","ESTABLECIMIENTOS DE ALOJAMIENTO TURÍSTICO","HOTEL","28","38","7","2019"
"6075","ACTIVO","OMAIRA FIGUEREDO OLARTE","BOGOTA","11","BOGOTA D.C.","11001","41666827","GUIAS DE TURISMO","GUIA DE TURISMO","0","0","1","2019"
"6076","ACTIVO","HUGO ANTONIO SANCHEZ CRISTANCHO","BOGOTA","11","BOGOTA D.C.","11001","19151095","GUIAS DE TURISMO","GUIA DE TURISMO","0","0","1","2019"
"6084","ACTIVO","HOSPEDAJE EMBAJADOR","CORDOBA","23","MONTERIA","23001","800101599","ESTABLECIMIENTOS DE ALOJAMIENTO TURÍSTICO","HOTEL","27","29","1","2019"
"6088","ACTIVO","HOTEL FAMILIAR PITALITO","HUILA","41","PITALITO","41551","26547016","ESTABLECIMIENTOS DE ALOJAMIENTO TURÍSTICO","HOTEL","25","32","3","2019"
"6096","ACTIVO","HOTEL BAHIA","BOLIVAR","13","CARTAGENA","13001","890403064","ESTABLECIMIENTOS DE ALOJAMIENTO TURÍSTICO","HOTEL","64","128","33","2019"
"6101","ACTIVO","AVIATUR PASTO","NARIÑO","52","PASTO","52001","860000018","AGENCIAS DE VIAJES","AGENCIAS DE VIAJES Y DE TURISMO","0","0","4","2019"
"6102","ACTIVO","HOTEL COLONIAL PLAZA","SANTANDER","68","BUCARAMANGA","68001","13488204","ESTABLECIMIENTOS DE ALOJAMIENTO TURÍSTICO","HOTEL","18","25","5","2019"
"6103","ACTIVO","HOSPEDAJE LOS VOLCANES","CUNDINAMARCA","25","CHOCONTA","25183","830022247","ESTABLECIMIENTOS DE ALOJAMIENTO TURÍSTICO","HOTEL","13","31","3","2019"
"6115","ACTIVO","HOTEL DARIMAR","SUCRE","70","TOLU","70820","3311709","ESTABLECIMIENTOS DE ALOJAMIENTO TURÍSTICO","HOTEL","24","72","1","2019"
"6116","ACTIVO","OVER ALESTUR","MAGDALENA","47","SANTA MARTA","47001","824000089","AGENCIAS DE VIAJES","AGENCIAS DE VIAJES Y DE TURISMO","0","0","6","2019"
"6117","ACTIVO","HOTEL ANAPOIMA NO 1","CUNDINAMARCA","25","ANAPOIMA","25035","3226937","ESTABLECIMIENTOS DE ALOJAMIENTO TURÍSTICO","HOTEL","48","73","4","2019"
"6121","ACTIVO","HOTEL BE LA SIERRA","MAGDALENA","47","SANTA MARTA","47001","819003765","ESTABLECIMIENTOS DE ALOJAMIENTO TURÍSTICO","HOTEL","70","4500","28","2019"
"6128","ACTIVO","KOKORIKO.-","BOLIVAR","13","CARTAGENA","13001","860025461","ESTABLECIMIENTOS DE GASTRONOMÍA Y SIMILARES","BAR","0","0","9","2019"
"6131","ACTIVO","KOKORIKO","MAGDALENA","47","SANTA MARTA","47001","860025461","ESTABLECIMIENTOS DE GASTRONOMÍA Y SIMILARES","BAR","0","0","12","2019"
"6132","ACTIVO","KOKORIKO.-","BOLIVAR","13","CARTAGENA","13001","860025461","ESTABLECIMIENTOS DE GASTRONOMÍA Y SIMILARES","RESTAURANTES","0","0","10","2019"
"6138","ACTIVO","AJT-AMAZON JUNGLE TRIPS","AMAZONAS","91","LETICIA","91001","15885805","AGENCIAS DE VIAJES","AGENCIAS DE VIAJES OPERADORAS","0","0","1","2019"
"6139","ACTIVO","PROMOTORA NEPTUNO","BOGOTA","11","BOGOTA D.C.","11001","860354021","AGENCIAS DE VIAJES","AGENCIAS DE VIAJES Y DE TURISMO","0","0","40","2019"
"6143","ACTIVO","HOSPEDERIA BETH SARIM","BOYACA","15","VILLA DE LEYVA","15407","40040036","ESTABLECIMIENTOS DE ALOJAMIENTO TURÍSTICO","HOTEL","19","36","1","2019"
"6144","ACTIVO","HOSPEDAJE EL MIRADOR","BOYACA","15","VILLA DE LEYVA","15407","41676949","ESTABLECIMIENTOS DE ALOJAMIENTO TURÍSTICO","HOTEL","7","20","1","2019"
"6146","ACTIVO","TORO CEQUERA LUIS CARLOS","CUNDINAMARCA","25","SOACHA","25754","19250119","GUIAS DE TURISMO","GUIA DE TURISMO","0","0","1","2019"
"6161","ACTIVO","HOTEL 9. 99","CESAR","20","VALLEDUPAR","20001","49762921","ESTABLECIMIENTOS DE ALOJAMIENTO TURÍSTICO","HOTEL","25","37","2","2019"
"6166","ACTIVO","HOSPEDAJE LAS PALMERAS DE LA 97","BOGOTA","11","BOGOTA D.C.","11001","80398173","ESTABLECIMIENTOS DE ALOJAMIENTO TURÍSTICO","APARTAHOTEL","32","35","2","2019"
"6167","ACTIVO","POSADA LA VILLA DE ALCALA","BOYACA","15","VILLA DE LEYVA","15407","6750057","ESTABLECIMIENTOS DE ALOJAMIENTO TURÍSTICO","HOTEL","8","12","1","2019"
"6174","ACTIVO","AERO VIAJES","CORDOBA","23","SAHAGUN","23660","812004366","AGENCIAS DE VIAJES","AGENCIAS DE VIAJES Y DE TURISMO","0","0","1","2019"
"6175","ACTIVO","EXCURSIONES VIAJES NEIVA","HUILA","41","NEIVA","41001","12122744","AGENCIAS DE VIAJES","AGENCIAS DE VIAJES Y DE TURISMO","0","0","1","2019"
"6178","ACTIVO","HOTEL LA SIESTA DE LA 20","VALLE DEL CAUCA","76","TULUA","76834","16548454","ESTABLECIMIENTOS DE ALOJAMIENTO TURÍSTICO","HOTEL","18","20","2","2019"
"6179","ACTIVO","INCLUSIVE TOUR REPRESENTACIONES S.A.S","BOGOTA","11","BOGOTA D.C.","11001","830076217","OFICINAS DE REPRESENTACION TURÍSTICA","OFICINA DE REPRESENTACIÓN TURÍSTICA","0","0","7","2019"
"6181","ACTIVO","FINCA LA CABANA","QUINDIO","63","CALARCA","63130","24488729","VIVIENDAS TURÍSTICAS","FINCAS TURÍSTICAS (ALOJAMIENTO RURAL)","4","8","0","2019"
"6182","ACTIVO","AGENCIA MONTERIA TOURS","CORDOBA","23","MONTERIA","23001","891000863","AGENCIAS DE VIAJES","AGENCIAS DE VIAJES Y DE TURISMO","0","0","6","2019"
"6183","ACTIVO","VIAJES CIRCULAR SAS","BOGOTA","11","BOGOTA D.C.","11001","800236839","AGENCIAS DE VIAJES","AGENCIAS DE VIAJES Y DE TURISMO","0","0","1","2019"
"6184","ACTIVO","HOTEL CALAMAR","META","50","VILLAVICENCIO","50001","40386098","ESTABLECIMIENTOS DE ALOJAMIENTO TURÍSTICO","HOTEL","20","32","5","2019"
